"screenName","universal"
"021mirita",0.413569897933165
"0341bordesmirna",0.0562449121005188
"1070mirez",0.515643330531229
"10Juanf",0.0562449121005188
"11alejala",0.138026189602166
"1983_rivero",0.1701324265303
"1eb9fbebeffa481",0.0607801135208407
"1solmartinez",0.0825396626774012
"2271victorhugo5",0.138026189602166
"272_5241",0.158817464242006
"27octoberiano",0.148120708329673
"287cc21b88a8410",0.413569897933165
"2JmanuRosales",0.0411067402195677
"2Reis",0.052029365506959
"2_franklim",0.111167191085188
"3000rosana",0.148120708329673
"31Imposible",0.884865340618437
"3_cr",0.0444788321741982
"3dgaR6A",0.0765131067279284
"57fa7714d4c240d",0.0411067402195677
"7220gy",0.635706839522915
"87Negra27",0.0276140429422608
"88f1a08cfc7a4d3",0.0889951559667924
"9ecb17bd6cfa466",0.052029365506959
"AALau2011",0.111167191085188
"AChaldain",0.119569866519679
"ADNMAGNO",0.194667737284505
"ADROGUEOK",0.474488541290675
"AESTIVIC",0.0656555619800429
"AMADURODALEDURO",0.119569866519679
"ANAGOROSITO4",0.318418856131781
"APMPAU",0.103285734671236
"AbelEsteban",0.0825396626774012
"AbocaVioleta",0.111167191085188
"AcademicaUBA",0.0656555619800429
"Acapafranz",0.194667737284505
"ActivaFM955",0.0607801135208407
"AdAbsurdumBlog",0.0765131067279284
"Adeleache",0.0825396626774012
"Adolfoferrero",0.0825396626774012
"AdrianMarsili",0.128515833759837
"Adrian_R_10",0.0299138233514213
"AdrianaGhibaudi",0.556587037349653
"Adrihappy83",0.0708925733007609
"AfavitaCordoba",0.1701324265303
"Agneciado",0.0444788321741982
"Agnesflowerz",0.0607801135208407
"AguBordignon",0.103285734671236
"AguanteFPLV",0.0379801364663761
"AgusDimmer",0.0562449121005188
"AgusSarzar",0.0323987547370742
"Agusalado",0.0562449121005188
"AgussTiinaG",0.515643330531229
"Aguss_Mastra",0.0708925733007609
"AgusstinQuiroga",0.79905844100477
"AgustinMacri_",0.0444788321741982
"AgustinaMariano",0.0379801364663761
"Aguusfloores98",0.672938751801702
"Aguusmorales1",0.0299138233514213
"Aguustiniocca",0.182079031309288
"Aidadebarros",0.194667737284505
"AiluSacco",0.052029365506959
"AjabAlva",0.194667737284505
"Akainikbel",0.53617614776787
"AlanIronLion",0.0765131067279284
"AlbornJuan",0.207905573288023
"AleMackinlayII",0.0889951559667924
"AleMiselli",0.0607801135208407
"AleSemberg",0.374266788182162
"Ale_Alcaide789",0.128515833759837
"AlejandrAlcalde",0.0959027621411744
"AlejoGustavo",0.0825396626774012
"Aleolivalepuman",0.0444788321741982
"AlexCampbellOK",0.236336911395384
"Alfobailone",0.0411067402195677
"Aliblue02",0.111167191085188
"Alicia04216",0.111167191085188
"AliciaAco",0.0481136657077545
"AliciaEscPO",0.0607801135208407
"Alicinchi",0.119569866519679
"Alicrazy22Maria",0.300816711527256
"AlmaFuerte40",0.052029365506959
"AlvaroApud",0.0708925733007609
"AmancioSegovia",0.0323987547370742
"Ambito1comercio",0.900613629858979
"AmelAsmae",0.756452464665557
"Amontanafm",0.283782475135694
"AmoxTodo",0.0379801364663761
"AnaFelicevich",0.0656555619800429
"AnaMaraDonato",0.148120708329673
"AnaRosa3011",0.194667737284505
"AnaScottChagall",0.336555195487199
"AnabeLettieri",0.0607801135208407
"Anabelruth2012",0.300816711527256
"AnahiTRodri",0.0562449121005188
"AnaliaRamis",0.0825396626774012
"Andre9902",0.393746460000491
"AndreaFer0223",0.148120708329673
"Andrea_Gentil",0.0656555619800429
"AndresAcciarri",0.0444788321741982
"AndresRuffo",0.119569866519679
"Andres_Castro22",0.0607801135208407
"Aneta",0.0656555619800429
"AngelBulos",0.596776171128277
"Angelic20042503",0.236336911395384
"AngelinoPitt",0.0889951559667924
"AnitaG_34",0.283782475135694
"AnnaIrmaBattino",0.0379801364663761
"Anna_Tessitore",0.148120708329673
"AntoQuintanaaaa",0.0254864249403189
"AntonelaCasas",0.0825396626774012
"AntooJungengel",0.0299138233514213
"Anxrchy_",0.0562449121005188
"AnyelitaParedes",0.0656555619800429
"Anyeluna",0.576808656254886
"AnyttaRamos",0.0276140429422608
"Anyulina63",0.221795687690215
"Apple_Marttini",0.374266788182162
"AracenaDiego",0.79905844100477
"ArandaCMariel",0.138026189602166
"Arelis_Morales",0.267344003063405
"ArellanoCarlos",0.0444788321741982
"ArgClauordonez",0.0481136657077545
"ArgieLAX",0.0708925733007609
"AriasVenezuela",0.708112626761362
"Ariel67862723",0.433677433532932
"AriellDuartee",0.0562449121005188
"Arielraman",0.0607801135208407
"AristarcoDSamos",0.0411067402195677
"Arlexlimongi",0.433677433532932
"Artex55",0.635706839522915
"AryaStark_VE",0.355186217086113
"AstolfoClaudio",0.355186217086113
"Atenas2009",0.318418856131781
"Atenea2",0.318418856131781
"AticoCuisineLou",0.708112626761362
"AugustoBalassi",0.119569866519679
"Aurabellag",0.1701324265303
"Aurimorales",0.138026189602166
"AveFenix032",0.128515833759837
"AyeAltamiranda",0.0656555619800429
"B3AR_301",0.0411067402195677
"BERNARDOMOLES3",0.393746460000491
"BMP62",0.0562449121005188
"BMassiel",0.433677433532932
"BMiccaa",0.0411067402195677
"Bachir_c",0.495057564008046
"BaetckeRudolf",0.0444788321741982
"BaezaSemar",0.267344003063405
"BansiBrp",0.0299138233514213
"BarackusObama",0.0444788321741982
"BarbieNarvaez",0.0299138233514213
"BarriteBermude",0.635706839522915
"BarutaABP",0.53617614776787
"BautiSeco",0.0379801364663761
"BeCougnet",0.0562449121005188
"BeLuWaChiTuRRi",0.576808656254886
"Beadiosdado",0.138026189602166
"BeatrizIribarne",0.236336911395384
"Beisbol007",0.690801916006448
"Belenastegiano",0.0323987547370742
"BellaniMatias",0.0254864249403189
"BellyBellyNice",0.0379801364663761
"BelnEscalante2",0.148120708329673
"BergeseMartin",0.0889951559667924
"BernieVoloj",0.0379801364663761
"Bertohur",0.119569866519679
"Bettyboodos",0.495057564008046
"BetzaidaBenedet",0.300816711527256
"Bia_Con",0.65455964610715
"BienKyTHCFREE",0.0765131067279284
"BlancaSi",0.182079031309288
"BlasproMartin",0.25152334764543
"BoloSebastian",0.138026189602166
"Boocademivida",0.0481136657077545
"BottaNicos",0.103285734671236
"BouVirginia",0.194667737284505
"BrancaNie",0.0444788321741982
"BrendaBrecher",0.128515833759837
"Brenda_Lydon",0.1701324265303
"Brianriver95",0.0765131067279284
"Brumarro",0.0889951559667924
"BrunoNP_",0.0444788321741982
"ByteDevils",0.515643330531229
"CABAMasUnido",0.194667737284505
"CANDELA2010",0.128515833759837
"CCARIComuna5",0.236336911395384
"CCARIPrensa",0.433677433532932
"CGTCREEstatal",0.128515833759837
"CHARLIE_DIABLAS",0.0562449121005188
"CHPOP",0.374266788182162
"CLAUDIOSIVORI",0.0959027621411744
"CLeBihan1",0.0481136657077545
"C_Faquetti",0.221795687690215
"Caami_Manrique",0.283782475135694
"Cabeza1978Hc",0.0708925733007609
"Cabimenses",0.119569866519679
"CafeConmigo",0.0656555619800429
"Cain_Supremo",0.318418856131781
"Calde56Rafa",0.267344003063405
"CamiMorales953",0.0562449121005188
"CamiRocha_Ax",0.0350826433931558
"CamilaGauto5",0.926458400140048
"Camipandiani",0.138026189602166
"CampaBA",0.79905844100477
"Candtwit",0.0959027621411744
"CarFerLar",0.103285734671236
"CardeWikmer",0.283782475135694
"CardenasM75",0.148120708329673
"Carigox",0.945985487583747
"Carlos38234591",0.866990193110338
"CarlosChayle",0.0607801135208407
"CarlosFdezConde",0.0889951559667924
"CarlosM18446610",0.495057564008046
"Carlosgt832",0.236336911395384
"CarolinaFianaca",0.0299138233514213
"CarolinaOrloff",0.052029365506959
"Carolinabramm",0.194667737284505
"Carolinafbi",0.158817464242006
"CarracedoHugo",0.283782475135694
"Caruchoco",0.0481136657077545
"Catebelenp",0.0276140429422608
"CeciDezi",0.0708925733007609
"CeciliaPujalte",0.0444788321741982
"CeciliaTavano",0.0889951559667924
"Ceciliabertani",0.0656555619800429
"Ceciliain",0.0444788321741982
"Celemedinaaa",0.0656555619800429
"CeliDans",0.267344003063405
"CelliniGuido",0.0562449121005188
"Ceroice",0.0379801364663761
"CesarLuna_",0.0562449121005188
"ChacoPro",0.355186217086113
"Chaly2222",0.25152334764543
"Chaska31Pereyra",0.474488541290675
"ChatVenezuelaVE",0.97264006425884
"Chequeado",0.0444788321741982
"ChiaraZn",0.158817464242006
"Chirino61",0.207905573288023
"Chori_F",0.0765131067279284
"ChorraCristina",0.221795687690215
"Chrstian_Flair",0.300816711527256
"CieriLuana",0.103285734671236
"CincoTom",0.433677433532932
"CinthiaBrusati",0.052029365506959
"CirseCa",0.914416185960266
"ClauArias4",0.771304478988934
"Claubonara",0.0708925733007609
"Claudiaruiz1979",0.194667737284505
"ClaudioLutzky",0.724840216041015
"Clota7",0.138026189602166
"CoD_UMG",0.495057564008046
"CoFranzan",0.148120708329673
"CocoFerPal",0.052029365506959
"CococoMagic",0.158817464242006
"ColliEvangelina",0.158817464242006
"ColorinColorida",0.0444788321741982
"CompromisoArgen",0.724840216041015
"CoordRomaAcqua",0.25152334764543
"CordeliaPO1917",0.0825396626774012
"CoresEzequiel",0.0562449121005188
"CrCirsero",0.283782475135694
"CranstonJillian",0.0656555619800429
"CriadPablo",0.0562449121005188
"CrisGorchs",0.0444788321741982
"Cris_funes",0.25152334764543
"CrissMovil",0.0765131067279284
"Crissavid",0.0708925733007609
"CristaldoGustii",0.300816711527256
"Cristian_Salmon",0.128515833759837
"CristinaLaura15",0.0765131067279284
"CroIconoclasta",0.0889951559667924
"CsrlosK",0.119569866519679
"CuartInt",0.474488541290675
"CumpleIndulac",0.158817464242006
"DDCtes",0.495057564008046
"DDeheza",0.785507601006845
"Daivalencia1",0.0708925733007609
"Dalih",0.65455964610715
"DalmiroM",0.0235187716053296
"DalmiroRomidal",0.0481136657077545
"DamisGeist",0.0411067402195677
"DanIELA_ed26",0.454005729161407
"DanVillalbaA",0.25152334764543
"DanielC00173443",0.495057564008046
"DanielEnriqueOk",0.0562449121005188
"DanielGinez1",0.0708925733007609
"DanielPerrone1",0.318418856131781
"DanielStobbia",0.0411067402195677
"DanielaPotel",0.0379801364663761
"Daniela_Parodi8",0.182079031309288
"DanielaaSol",0.0562449121005188
"Daniellidades",0.0411067402195677
"DanteMarello",0.103285734671236
"DanuRdz",0.0411067402195677
"DarioCauter",0.0708925733007609
"DarioGraffe",0.267344003063405
"DavidFco1104",0.318418856131781
"DavidGraulau",0.0889951559667924
"DavidMarre10",0.0444788321741982
"DavidZencich",0.119569866519679
"David_G_Diaz",0.0481136657077545
"Dayi_tabarez",0.1701324265303
"DeFamilyWay",0.0254864249403189
"DeGreyNorma",0.0959027621411744
"Deaits",0.336555195487199
"DearRoox",0.0481136657077545
"Delfora1",0.103285734671236
"DelisMC",0.708112626761362
"Delychefff",0.0656555619800429
"Denise_Robledo",0.0825396626774012
"Denisraquelle",0.355186217086113
"DesdeBalvanera",0.433677433532932
"Desdemona_jna",0.111167191085188
"Destaillatseste",0.0825396626774012
"DianaFreites",0.103285734671236
"DianaMontanari",0.318418856131781
"Dianac143Diana",0.495057564008046
"DiarioCatamarca",0.857201768965115
"DiarioCubano",0.194667737284505
"DiegoACerone",0.148120708329673
"DiegoPenizzotto",0.0607801135208407
"Diegoaguilera78",0.0765131067279284
"DigraAlonso",0.0889951559667924
"DijulioSusana",0.785507601006845
"Dikson9",0.119569866519679
"DilsiaNunez",0.119569866519679
"DominicChika",0.0825396626774012
"DonCabezadeVaca",0.0444788321741982
"DonVascolet",0.103285734671236
"Don_Perignonn",0.0444788321741982
"Donraval",0.336555195487199
"DsDBona",0.0765131067279284
"DuYumar",0.336555195487199
"Dulcmastr",0.0444788321741982
"DuqueHermis",0.690801916006448
"DuranExposito1",0.267344003063405
"EFRAINJPM",0.0889951559667924
"EGrianta",0.0379801364663761
"ELDA34359420",0.194667737284505
"ELfalsoNESTORK",0.194667737284505
"ENestorKirchner",0.0656555619800429
"ENoralom",0.756452464665557
"ESTEBANVARDE",0.0959027621411744
"EconosocJ",0.0825396626774012
"Edgar293",0.824211883217638
"EdmondDants12",0.892994216525312
"Edu25476",0.0411067402195677
"EduardoABazan",0.0889951559667924
"EduardoDesimoni",0.111167191085188
"EduardoN192",0.708112626761362
"EduardoVenosi",0.0959027621411744
"Eduardo_duran2",0.128515833759837
"Eduardoblackha1",0.182079031309288
"Educar2050",0.0656555619800429
"Edupalacios77",0.138026189602166
"EgeaMe",0.158817464242006
"ElDamianandres",0.0825396626774012
"ElDedoAcusador",0.0411067402195677
"ElGranHidalgo",0.052029365506959
"ElPeronista",0.740959858610242
"ElTangueroVa",0.182079031309288
"ElTigreHoy",0.495057564008046
"EliasCruz91",0.103285734671236
"Elisaespinola01",0.724840216041015
"EliseoRepollo",0.0825396626774012
"ElleroFlavia",0.785507601006845
"Elperrogocho",0.336555195487199
"Elrafacastillo",0.0656555619800429
"ElyG28",0.0765131067279284
"Emabeneitez",0.0825396626774012
"EmarcQuinones",0.596776171128277
"EmiickM",0.138026189602166
"EmiliaCollosa",0.0562449121005188
"EmiliaDV",0.0708925733007609
"EmilianoV17",0.740959858610242
"EmilioGisondo",0.0708925733007609
"EmmaCorna",0.0765131067279284
"Emmanuel_1787",0.25152334764543
"EntreLineasPQV",0.0379801364663761
"Ergul8",0.221795687690215
"ErikaBustoStrle",0.111167191085188
"Erikilla1",0.25152334764543
"Ernsss",0.968917166655973
"Escobar6341",0.724840216041015
"Espepaz",0.0562449121005188
"EstamosQAP",0.128515833759837
"Esteban79985148",0.267344003063405
"EstebanOrtizMD",0.0889951559667924
"EstebanValverde",0.0481136657077545
"EstecheJor",0.0323987547370742
"EstelaMin",0.0825396626774012
"EugeCalvi_",0.0444788321741982
"EugeGordillo",0.138026189602166
"EugeTestoni",0.708112626761362
"EugeniaLudmer",0.336555195487199
"EugenioJantsch",0.0825396626774012
"EveelynBasualdo",0.0656555619800429
"ExeeTorres97",0.0765131067279284
"ExequielDamian",0.0607801135208407
"EzMartinez11",0.0444788321741982
"EzeAscoetti",0.111167191085188
"Ezeq_CABJ",0.052029365506959
"EzequielVedoya",0.0765131067279284
"F10Patri",0.119569866519679
"FMilohanich",0.0959027621411744
"FTVnacional",0.0607801135208407
"FabiCalderari",0.0959027621411744
"FabrisEmiliano",0.0825396626774012
"Faccufernandeez",0.119569866519679
"FacuFreeman",0.052029365506959
"FacuLopezy",0.0323987547370742
"Facu_Cardoso",0.0350826433931558
"Facu_Zarza",0.0481136657077545
"FaellaInes",0.0889951559667924
"FamiOski",0.111167191085188
"Fanshave",0.138026189602166
"FedeOrlandi",0.052029365506959
"FedeeIava",0.052029365506959
"Fedeherraiz",0.0607801135208407
"FedericaGalloso",0.0254864249403189
"FedericoZeledon",0.0765131067279284
"FedraAlzaga",0.336555195487199
"Fekluengo",0.318418856131781
"FeliBurgueno",0.931876753428742
"Felipemedina61",0.1701324265303
"FenixGSelena",0.158817464242006
"FerClausen",0.052029365506959
"FerMistaken",0.148120708329673
"FernanCordob",0.393746460000491
"FernandoAle5",0.267344003063405
"FernandoPRENSA",0.0323987547370742
"FernandooNF",0.0562449121005188
"FiantGabi",0.0379801364663761
"Filc62Franco",0.052029365506959
"FiloSeba",0.194667737284505
"FiorelaAttie",0.0444788321741982
"FlavinLuc",0.0411067402195677
"FlorBCuretti",0.0379801364663761
"FlorBianchis",0.052029365506959
"FlorCoif",0.0825396626774012
"FlorKardash",0.0379801364663761
"FlorPaccelle",0.0889951559667924
"Flora_LaParda",0.708112626761362
"Forricienta85",0.0379801364663761
"Fozzaa__",0.0607801135208407
"FraanVelez",0.0411067402195677
"FranPerea_LVM",0.0562449121005188
"FranVistalli",0.0350826433931558
"FrancAlberdi",0.182079031309288
"FrancoDesinder",0.0350826433931558
"FrancoMunicoy",0.0411067402195677
"FredmorValera",0.393746460000491
"Friendz0ne_",0.876204547959389
"Fsotelo06Sotelo",0.25152334764543
"Fuckin_Perfect",0.052029365506959
"Fuega_",0.0276140429422608
"GABYYENI",0.0765131067279284
"GASV1984",0.138026189602166
"GAllende21",0.119569866519679
"GHernan822912",0.267344003063405
"GLetrinas",0.0562449121005188
"GPATTYVT",0.221795687690215
"GPPSBZulia",0.756452464665557
"GRAPEL3SS",0.0350826433931558
"G_Schulmeister",0.1701324265303
"Ga_Piedrabuena",0.0562449121005188
"GabYoha",0.300816711527256
"GabrielaJarrier",0.556587037349653
"Gabrielucho03",0.300816711527256
"GabyGafelopez",0.300816711527256
"Gaby_Cabre",0.300816711527256
"Gabyd67",0.0656555619800429
"Gabyeinspira",0.318418856131781
"GaezCecilia",0.0444788321741982
"GarMonical",0.756452464665557
"GastonOrrego01",0.0350826433931558
"Gastoneramos",0.0444788321741982
"Gastonsalvagno8",0.0379801364663761
"Gastontin",0.0656555619800429
"Gavita_74",0.0411067402195677
"Georgi_LaGringa",0.556587037349653
"Georgina1010",0.0607801135208407
"Georgisuar",0.0825396626774012
"GerCortez",0.182079031309288
"GerSL79",0.474488541290675
"GeraMansilla",0.0350826433931558
"GermanOLIMPO",0.0481136657077545
"Ginalane129",0.300816711527256
"GirlFlowerlotus",0.0656555619800429
"Gitano100x100",0.182079031309288
"GiulianaVidal",0.0444788321741982
"GladisZoane",0.138026189602166
"GladysMoix",0.1701324265303
"Glamour360",0.267344003063405
"Gnzelaya",0.148120708329673
"GoaGoaZwerg",0.0708925733007609
"GogoGogosuper27",0.158817464242006
"Gonzalo49573629",0.79905844100477
"GonzaloCika",0.0235187716053296
"GoryRivero",0.0254864249403189
"Goyenismo",0.0411067402195677
"GraceeCastilloE",0.0708925733007609
"GroupsgM",0.119569866519679
"GuadaPittaro",0.0656555619800429
"GuadaSimona",0.0656555619800429
"Gueida",0.0889951559667924
"Guillemaldonad2",0.616428062638762
"GuillermoParra",0.119569866519679
"GuitoEspinosa",0.0656555619800429
"GusiCarmona",0.128515833759837
"GustavoLazdin",0.0607801135208407
"GustavoTavo44",0.182079031309288
"Gusticiero2",0.0350826433931558
"HCDN2",0.914416185960266
"HECTRAFA",0.0481136657077545
"HICHELO87",0.53617614776787
"HIRSONB",0.194667737284505
"HUGOMARVIGGIANO",0.53617614776787
"Hakk_FA",0.0444788321741982
"HamiltonHidalgo",0.0607801135208407
"HanniaD",0.052029365506959
"Har10",0.0379801364663761
"HeiOsuna",0.148120708329673
"HeiselDaniel",0.158817464242006
"HeleBorquez",0.355186217086113
"HelgueroRoberto",0.148120708329673
"HerGarciarena",0.0607801135208407
"HernanLattancio",0.0444788321741982
"HernanMAlonso",0.0656555619800429
"HernanN_N",0.0562449121005188
"Hilda_Matilde",0.25152334764543
"Hope_Hopecita",0.0607801135208407
"HorcajoEloy",0.0765131067279284
"Hugo36628504",0.052029365506959
"HugoFer_Perez",0.0562449121005188
"HugoSantaromita",0.0708925733007609
"Hugoescobar_PAS",0.103285734671236
"HushCon",0.148120708329673
"ISinSeeker",0.300816711527256
"IgnacioLoBello",0.194667737284505
"IlduceArgentina",0.0323987547370742
"ImicamCc",0.495057564008046
"Ineees71",0.0562449121005188
"InesCastresana",0.576808656254886
"InesVera15",0.300816711527256
"InfamousHuka",0.968917166655973
"InfoMteCaseros",0.111167191085188
"InsfranRamon",0.907746547378614
"InsurrectaR",0.0825396626774012
"Intiano14",0.207905573288023
"IribarneErnesto",0.724840216041015
"IrinaGoye",0.0299138233514213
"IrvingMarquez9",0.0656555619800429
"Isofroniza",0.515643330531229
"IssaCgv",0.0444788321741982
"IvannaAllendez",0.0708925733007609
"Ive9S",0.0562449121005188
"IvoRoaa",0.0254864249403189
"IzakSwanson",0.616428062638762
"JANEBRASKA",0.556587037349653
"JAV681",0.53617614776787
"JFERRERS",0.300816711527256
"JGesner1",0.0959027621411744
"JJAM1981",0.515643330531229
"JLovenZulia",0.0959027621411744
"JMorquez",0.336555195487199
"JORFEROLI",0.0825396626774012
"JOSEVICENTEHARO",0.0656555619800429
"JPROVarela",0.25152334764543
"JProCtes",0.0765131067279284
"JProMnes",0.0481136657077545
"JTejeramx",0.0825396626774012
"JULISCHIMPF",0.0562449121005188
"J_D_7",0.0379801364663761
"J_U_A_N_J_O_",0.0765131067279284
"JanecitaGomez",0.148120708329673
"JanethMassi",0.128515833759837
"JaremtchukM",0.0607801135208407
"JavierG75611733",0.148120708329673
"JavierLugo",0.103285734671236
"Javotelopez",0.0656555619800429
"JazBeccar",0.0411067402195677
"Jeanantoine12",0.0825396626774012
"JereCco1",0.0889951559667924
"JesicaOcampo6",0.413569897933165
"Jesu714",0.0825396626774012
"Jesumusica",0.0444788321741982
"Jhngaleano",0.0825396626774012
"JimboSmith420",0.65455964610715
"Jimecanch",0.433677433532932
"Jimohamad",0.971304162246805
"JoeCore8",0.0411067402195677
"JoelCabMolina",0.0481136657077545
"JohaAlvz",0.0889951559667924
"JonatanCarne",0.119569866519679
"JonathanIdrogo",0.221795687690215
"JorgeLF2011",0.103285734671236
"Jose_fariass",0.941619004986171
"Josee_Spears",0.158817464242006
"JosefinaAriela",0.0656555619800429
"Josefinagomez_",0.207905573288023
"Joseperez495",0.318418856131781
"Josh_Macri",0.0444788321741982
"Jotaeme1000",0.221795687690215
"JotagonzArias",0.0656555619800429
"JoudhidayaMima",0.672938751801702
"JuanManuelhp1",0.119569866519679
"JuanMarinoTPR",0.0562449121005188
"JuanPabloCtes",0.374266788182162
"JuanTurello",0.0765131067279284
"Juan_Sebastian",0.0411067402195677
"JuancitoArnaudo",0.0379801364663761
"JuancitoMoreira",0.119569866519679
"Juancmarino",0.0708925733007609
"Juanrec",0.194667737284505
"JudithTiauiti",0.119569866519679
"JuliRiverPlate",0.0379801364663761
"JuliTentor",0.0276140429422608
"Juli_Loffre",0.0481136657077545
"JulianNirvana",0.0350826433931558
"JulianaCbaArg",0.103285734671236
"JulianitaSj",0.0765131067279284
"JuliannOrozco",0.0444788321741982
"JuliiMelli",0.0379801364663761
"JulitaBarcelo",0.0562449121005188
"JulyQuiroga_",0.300816711527256
"JuventudPRORcia",0.495057564008046
"Jxenize",0.0889951559667924
"KIDPRO2002",0.0889951559667924
"Kacquak",0.0607801135208407
"Kanejackson08",0.267344003063405
"KarenCM27",0.128515833759837
"KarenPauula",0.0825396626774012
"KarinaMora69",0.0562449121005188
"KarinaPastor9",0.65455964610715
"Karyt_o",0.0889951559667924
"KataCaradda",0.0379801364663761
"Kathycrichigno",0.0889951559667924
"KattyMo48341161",0.635706839522915
"KesheArgentina",0.454005729161407
"KetteAna",0.0708925733007609
"KevinBurruchaga",0.0889951559667924
"KiariGamza",0.119569866519679
"Kimploplo",0.0607801135208407
"KinFrancisco",0.207905573288023
"KrmenCT",0.267344003063405
"KundyMacias",0.25152334764543
"KyleThePug",0.0656555619800429
"LAQP1964",0.0562449121005188
"LISSABTH",0.0889951559667924
"LKotlowiec",0.53617614776787
"LPalola",0.0708925733007609
"LVarizat",0.052029365506959
"La90lagopuelo",0.866990193110338
"LaCamporaVL",0.0825396626774012
"LaFox__",0.0299138233514213
"LaRollinga1",0.393746460000491
"LaRosaCba",0.0889951559667924
"LaTanaSur",0.0959027621411744
"Labellucci",0.0765131067279284
"Lacky1973",0.0825396626774012
"LadivVidal",0.393746460000491
"LapibaesaRC",0.0825396626774012
"Laserena_28126",0.0656555619800429
"LauKemera",0.128515833759837
"LauraMBFO",0.0765131067279284
"LauraM_574",0.0889951559667924
"Lauraat2002",0.0656555619800429
"LaurentPilar",0.0765131067279284
"Lauta_Gonzalez",0.0481136657077545
"LautaroSartori1",0.0444788321741982
"LautiiGalo",0.0350826433931558
"LavalleNoticias",0.616428062638762
"LeanIrigoyen26",0.0411067402195677
"Lean_chinito2",0.0323987547370742
"Leancitx",0.0481136657077545
"LeandroLuzzi",0.052029365506959
"LeandroSMogni",0.0825396626774012
"LecourRut",0.556587037349653
"LeeoArrietaXN",0.0323987547370742
"LeiTo_Leandro",0.0656555619800429
"Lena777Guevara",0.052029365506959
"LeoLoustau98",0.0708925733007609
"LeoPerrotta",0.0350826433931558
"Leocicozzi",0.0299138233514213
"LescNoriega",0.148120708329673
"Leti_cienta",0.0411067402195677
"LeyesOk",0.318418856131781
"Li_amarilla",0.0481136657077545
"Licenrodriguez",0.0607801135208407
"LidiaCantalupo",0.207905573288023
"LiendoLauri",0.103285734671236
"LilaLdelaVega",0.0959027621411744
"LilianaKenna",0.616428062638762
"Lililaumas",0.0708925733007609
"LioiMariano",0.374266788182162
"Lisaveniero",0.0323987547370742
"LiuzziAlan",0.0959027621411744
"LizaBraghieri",0.0299138233514213
"Llegui1968",0.221795687690215
"Lolitasiempre60",0.158817464242006
"LoreAlmeidaa",0.0323987547370742
"LowerClassMag",0.103285734671236
"LuRosado1",0.236336911395384
"Lu_CuervaK",0.0379801364663761
"Lu_Liberman",0.111167191085188
"Lu_Xaico",0.0825396626774012
"LucasCasadey",0.0235187716053296
"LucasDelRojo32",0.0562449121005188
"LucasQuatrochio",0.0481136657077545
"Lucaseb692Lucas",0.221795687690215
"LucasiFerrari",0.0607801135208407
"LuchiCai_07",0.0562449121005188
"Lucho_o92",0.900613629858979
"LuciaLuna63",0.103285734671236
"LucianaBolson",0.576808656254886
"Luciernaga458",0.138026189602166
"LuciooNicolas",0.0825396626774012
"LucreciaZarago2",0.960548447637326
"LuisDSaya",0.0350826433931558
"LuisICrespo",0.336555195487199
"LuisPiloDiaz",0.0444788321741982
"LuisitoRiver97",0.596776171128277
"LukitasPetrone",0.0323987547370742
"Luli_Sittner",0.138026189602166
"Lulicolladook",0.0562449121005188
"Lulidelfino",0.0607801135208407
"LulyMar32742697",0.785507601006845
"Lutiernago",0.052029365506959
"LuuVenturuzzi",0.0444788321741982
"LuuchoMan",0.0562449121005188
"LuzArceOK",0.0444788321741982
"LuzPatriciaLeal",0.336555195487199
"MAPEHKO",0.194667737284505
"MARCOSCEGARRA",0.0959027621411744
"MARCOSROSETTI80",0.846820268450926
"MARIASILVIAMEDI",0.25152334764543
"MARIOLARANQN",0.0765131067279284
"MARITE_AR",0.119569866519679
"MARYSABEL8A",0.25152334764543
"MASHINEGRITO",0.148120708329673
"MB_Alejo",0.052029365506959
"MCARR72",0.0562449121005188
"MCaldez",0.0481136657077545
"MDeBelliz",0.25152334764543
"MEABLALO",0.0765131067279284
"MENALBET",0.182079031309288
"MILACARRERO",0.148120708329673
"MIR_M",0.236336911395384
"MKmaiko",0.374266788182162
"MSaldao",0.0825396626774012
"MTrosch",0.221795687690215
"MVellegal",0.0959027621411744
"M_Bronenberg",0.138026189602166
"M__Sabrina",0.0299138233514213
"MaayQuiroga",0.182079031309288
"MabelRPeralta",0.111167191085188
"MabrujaFreire",0.052029365506959
"MagaritaVarela",0.207905573288023
"MaggiAmalia",0.0379801364663761
"MagninMeli",0.0444788321741982
"MaguiTricolor",0.0299138233514213
"Magui_Carneris",0.0444788321741982
"MairaBelen97",0.0656555619800429
"MairaSjuaRez",0.0481136657077545
"Majo82668192",0.672938751801702
"MajoSaSchoos",0.0765131067279284
"Malaquias80",0.0379801364663761
"MalenaMalena271",0.0765131067279284
"Mamunirsm",0.283782475135694
"ManoloSolorzano",0.128515833759837
"Manu2027",0.0350826433931558
"ManuFerra86",0.0481136657077545
"Manuel9Garcia",0.0765131067279284
"ManuelOyi",0.052029365506959
"ManzanoLuis",0.283782475135694
"MaqarenaS",0.0299138233514213
"MaquiaveloNico_",0.0481136657077545
"MarJuar155",0.111167191085188
"Mara99595942",0.148120708329673
"MaraABG",0.0411067402195677
"Maraura0703Aura",0.556587037349653
"MarbeliaSarmien",0.690801916006448
"MarceAlcortaok",0.148120708329673
"MarceGouchanian",0.0708925733007609
"MarcelitoAndres",0.355186217086113
"Marcelo61159",0.0562449121005188
"MarceloGuzmanF",0.0708925733007609
"MarceloVenturaR",0.138026189602166
"Marcelo_Trias",0.0379801364663761
"Marco_Gon25",0.0411067402195677
"MargaritaKey",0.0607801135208407
"Margasanti",0.103285734671236
"MariaBelenVall",0.0379801364663761
"MariaGiol",0.0607801135208407
"MariaPreuss",0.554670107133799
"MariaTsevdos",0.194667737284505
"Maria_E_Medina",0.221795687690215
"Marian_cba_",0.0411067402195677
"MarianoHLVS",0.0765131067279284
"MarianoJavito",0.0276140429422608
"MarianoReyx",0.0411067402195677
"Maribelwbz",0.1701324265303
"MarielAliens",0.0607801135208407
"MarielaSander",0.0825396626774012
"MarielaSatto",0.0481136657077545
"Marilaaaa",0.0481136657077545
"Marilyn_vic",0.0959027621411744
"MarinaTassoni",0.336555195487199
"Mario_Nomas",0.0825396626774012
"MarisaEche12",0.128515833759837
"MariteBrea",0.0481136657077545
"Mariucha2016",0.596776171128277
"MarsilromSilvia",0.138026189602166
"MartaDelia3",0.052029365506959
"MartaLedes",0.119569866519679
"MartinOeschger",0.0411067402195677
"MartinSouto1",0.0959027621411744
"MartnVisuara",0.148120708329673
"MaryPoveda3",0.454005729161407
"MarySeijas2009",0.672938751801702
"MasPambo",0.119569866519679
"MateoSevilla4",0.0323987547370742
"MathisonV",0.25152334764543
"MatiGryciukk",0.138026189602166
"MatiasCarugati",0.0481136657077545
"MatiasM_98",0.0444788321741982
"Matu_Skinny",0.1701324265303
"MauricioYattah",0.221795687690215
"MauroVazquez9",0.0276140429422608
"Mauro_DeLongo",0.300816711527256
"MauuroPeerez",0.0299138233514213
"MaviGayo",0.0379801364663761
"MaxZaccolo",0.0607801135208407
"Maxi_laboulaye",0.0765131067279284
"MaximaRamirez4",0.158817464242006
"MaximilianoPie3",0.0444788321741982
"Mcaolab",0.433677433532932
"MechiRivas189",0.0276140429422608
"Meechu27",0.0444788321741982
"MejoramosJuntos",0.318418856131781
"MelanoAgustin",0.0889951559667924
"MelinaMuni",0.128515833759837
"MelisaCapone",0.111167191085188
"MelisaaRosales",0.0276140429422608
"MelodyMakerDJ",0.182079031309288
"MendezLivio",0.495057564008046
"MercedesMosso",0.0350826433931558
"MeriJanee",0.0411067402195677
"MicaSoto2",0.207905573288023
"MicaVivasRP_",0.1701324265303
"Micaaelaflores",0.207905573288023
"Micac542",0.0411067402195677
"Micom1958",0.0481136657077545
"Migdalys7",0.866990193110338
"MiglioGraciela",0.0959027621411744
"MiguelOvando3",0.119569866519679
"MiicaJuarez",0.0708925733007609
"MilagrosNieto15",0.0481136657077545
"MiliMoyaa",0.0444788321741982
"MiliiMalik13",0.0607801135208407
"Milin60",0.336555195487199
"Militza428",0.111167191085188
"MiriamA11662855",0.495057564008046
"Miryi532",0.433677433532932
"Missmikaelita",0.25152334764543
"Mogo83",0.0379801364663761
"Monchero76",0.119569866519679
"MonicaFarias33",0.103285734671236
"MonicaSandraCo1",0.336555195487199
"Montespali",0.0481136657077545
"MrMugatu",0.0889951559667924
"Msheras",0.0562449121005188
"MudoParlante",0.0481136657077545
"MujerRadical",0.0607801135208407
"MujeresCgt_Madr",0.0825396626774012
"MuozRosamuoz8",0.0607801135208407
"Muy",0.148120708329673
"N0EN",0.1701324265303
"N4CHITO",0.0607801135208407
"NDC1986",0.0323987547370742
"NELKA372",0.119569866519679
"NOTICIAS12_12",0.355186217086113
"NaMallemaci",0.0254864249403189
"Nachito_Bustos",0.052029365506959
"Nachopovolo",0.966338495641012
"NadaAlfano",0.336555195487199
"NadresNieto",0.25152334764543
"NahueAkd32",0.0481136657077545
"NahuelTorterolo",0.0379801364663761
"Nahuelalvarez60",0.454005729161407
"NandaMattar",0.0411067402195677
"NantroPologa",0.318418856131781
"NasoCarlos",0.53617614776787
"NataliaSTABORDA",0.119569866519679
"NatuchaMorales",0.052029365506959
"NavyOffshore",0.0708925733007609
"NegraFeyuk",0.374266788182162
"Negrodeloeste",0.0562449121005188
"NelidaCastaeda1",0.936923076370596
"NellyTeran8",0.596776171128277
"NelsonAbelardoM",0.318418856131781
"NemiAngeli",0.756452464665557
"NeroSenseiPak",0.0411067402195677
"NestorRoulet",0.0411067402195677
"NestorTripoli",0.138026189602166
"NicoLavazza",0.0825396626774012
"NicoMancini22",0.0235187716053296
"NicoPerezdelaF",0.495057564008046
"NicoPetru1",0.0825396626774012
"NicolasDiaz__14",0.221795687690215
"NicolasMigliore",0.0708925733007609
"Nirsau",0.194667737284505
"NoePerezc",0.25152334764543
"NoelSartori",0.052029365506959
"Noelia20454140",0.0481136657077545
"NofueMagia2016",0.194667737284505
"NoraRpa",0.0607801135208407
"Norelis_",0.148120708329673
"Normaricotera",0.103285734671236
"Notas_arg",0.300816711527256
"Noticias_CA",0.968917166655973
"Number1one23",0.393746460000491
"OEspindol",0.103285734671236
"OG_Fezzy",0.0825396626774012
"OPELLi",0.0825396626774012
"Omar1Montilla",0.433677433532932
"OronaoFranco",0.0379801364663761
"OrtegaaXeneizee",0.0444788321741982
"Oscarelo2x",0.0765131067279284
"Ososi8",0.267344003063405
"Oswcam",0.148120708329673
"OteroReog51",0.635706839522915
"OzanMirta",0.616428062638762
"PITOBLANCH",0.433677433532932
"POLITICACORRENT",0.454005729161407
"PParzival",0.393746460000491
"PaauPintos",0.0444788321741982
"PabloFCortes",0.148120708329673
"PabloGonzalesF",0.0959027621411744
"PabloOliveraDaS",0.0562449121005188
"PabloRoselli",0.128515833759837
"PabloViviana",0.393746460000491
"Pablomillo33",0.207905573288023
"Paga11",0.0825396626774012
"PagabellPaola",0.0889951559667924
"PalomaUtz",0.771304478988934
"PameHoy",0.119569866519679
"PanchooBT17",0.0276140429422608
"Pantera_black8",0.771304478988934
"PanyRosas_Arg",0.0708925733007609
"PaolaBe96676568",0.1701324265303
"PaoloScanga",0.158817464242006
"Pastordenanduce",0.0656555619800429
"PatriarchPS",0.413569897933165
"Patriciodc",0.0562449121005188
"PatryRogu",0.207905573288023
"PaulaGF1",0.0481136657077545
"PaulaPaulacrts",0.474488541290675
"PaulaPenacca",0.0889951559667924
"PauliMolina4",0.0481136657077545
"Paulita3072",0.119569866519679
"Pausure",0.138026189602166
"Pcia_Noticias",0.756452464665557
"PedemonteRaquel",0.138026189602166
"PedrodeBranca",0.374266788182162
"Pedronicolas7",0.0562449121005188
"Pelanchi4",0.0562449121005188
"Pepinomovil",0.052029365506959
"Pereira_WalterJ",0.950042715073361
"PqueAvellaneda",0.267344003063405
"PrecioIncreible",0.596776171128277
"PrinceNorber",0.0889951559667924
"PriscilaHollo",0.0299138233514213
"Provzlalibre18",0.914416185960266
"QuieroSerLibre2",0.336555195487199
"Quimey48",0.0607801135208407
"Quinofran",0.0379801364663761
"RCarlosch",0.0481136657077545
"RCerett",0.0825396626774012
"RITAYULY",0.119569866519679
"RMGPatriota",0.0959027621411744
"RRolandbc",0.0765131067279284
"RSamanttha",0.111167191085188
"RSangre25",0.0411067402195677
"RadioGrafica893",0.0765131067279284
"RadioTricolorFM",0.771304478988934
"RamaaM_",0.0323987547370742
"RamonGranate",0.0708925733007609
"Ramoninandrada",0.148120708329673
"RamosCesarA",0.128515833759837
"RandoFPS",0.0299138233514213
"RankingMisiones",0.968917166655973
"RaulMoranPanero",0.128515833759837
"RauliStremel",0.1701324265303
"RePauly",0.0323987547370742
"RegorAbsher425",0.0825396626774012
"Ren_Goon",0.318418856131781
"ReportaDeporte",0.941619004986171
"RequejoRoberto",0.0959027621411744
"Revista_EyN",0.1701324265303
"ReynaHill52",0.79905844100477
"RicardDri",0.148120708329673
"RicardoNegozia",0.393746460000491
"RicardoacostaM2",0.207905573288023
"RickyGlobal",0.103285734671236
"RiportellaPerez",0.0656555619800429
"Rita_Agnes_W",0.0959027621411744
"RiveroLu",0.052029365506959
"RoGiValenzuela",0.194667737284505
"RoHNLZL",0.221795687690215
"RoMolinaOk",0.0350826433931558
"RoRo7570",0.0765131067279284
"RocaPetare",0.052029365506959
"RocyRivadeneira",0.221795687690215
"Roger23_roro",0.0959027621411744
"RogerBolivita",0.596776171128277
"RogonsuRomina",0.495057564008046
"Roh_BustosL",0.267344003063405
"RoloVanini",0.0607801135208407
"RomiSantillan19",0.0379801364663761
"RominaGelabert",0.300816711527256
"Romlove",0.0411067402195677
"Romy_Luna",0.53617614776787
"Rorro_logo",0.194667737284505
"RosadeLejos6",0.207905573288023
"RosanaRadcam",0.0656555619800429
"Rosetreeme",0.0708925733007609
"Rossana1449",0.052029365506959
"Rovqzz",0.0765131067279284
"RoxanaLaya2",0.708112626761362
"Rrochirodriguez",0.0562449121005188
"SANDRAVELASQ",0.158817464242006
"SBchee",0.495057564008046
"SEMERUCO29",0.052029365506959
"SEdgarZ",0.0562449121005188
"SLauberge",0.0656555619800429
"SPainceira",0.0607801135208407
"SParjometz",0.0444788321741982
"SaadeCesar87",0.0959027621411744
"SabJackson",0.0562449121005188
"SabriAraujo14",0.0411067402195677
"San_espindola",0.0825396626774012
"Sandraefe2013",0.0607801135208407
"SantMoreNo",0.300816711527256
"SantiagoBarolo",0.0411067402195677
"Santizalez",0.0379801364663761
"SaraMor26257676",0.138026189602166
"SarcosJohangel",0.635706839522915
"Scaramuccia2",0.785507601006845
"Scardino_",0.0481136657077545
"SchiffOro",0.53617614776787
"Scriptiamanent",0.0889951559667924
"SebaGuerriero",0.0825396626774012
"SebaGutierrez4",0.300816711527256
"Seba_Tavernini",0.0299138233514213
"Sebabielsista",0.103285734671236
"SebasRover",0.052029365506959
"SebastianMar9",0.267344003063405
"Seren_Dipity37",0.740959858610242
"Sergiosebac",0.0959027621411744
"Sigmundchot",0.103285734671236
"SilvanaArruti",0.0444788321741982
"SilvanaR22",0.0959027621411744
"Silvana_Aldeco",0.0323987547370742
"SilviaD96694000",0.672938751801702
"SilviaGude",0.576808656254886
"SilviaR91776344",0.148120708329673
"Silvianarrua",0.336555195487199
"SilvioBenitez",0.182079031309288
"SilvioBer",0.0411067402195677
"Simmonsbear27",0.0607801135208407
"SindTroy",0.182079031309288
"SipowiczMartina",0.336555195487199
"Sir_elmusty",0.0825396626774012
"Smowing",0.0481136657077545
"SofiAliano",0.0379801364663761
"SofiRomano9",0.0607801135208407
"SolMar1936",0.119569866519679
"SolNanci",0.336555195487199
"Solcitorama",0.0323987547370742
"SoldelSurBB",0.267344003063405
"SoledadToris",0.857201768965115
"Solegutierre",0.0889951559667924
"Solellado",0.0607801135208407
"Solregx",0.0959027621411744
"Sonia_Ftn",0.148120708329673
"SooolArguello",0.1701324265303
"SoyBuhola",0.413569897933165
"SoyGuapoHoy",0.556587037349653
"SraCronopia",0.0562449121005188
"SritaColman10",0.052029365506959
"StatoPrecario",0.65455964610715
"StgJk",0.052029365506959
"StopRobbery",0.221795687690215
"Streaming_Arg",0.495057564008046
"Sulrubicone",0.0765131067279284
"SusanaRu_ok",0.128515833759837
"SusiPerez_",0.0656555619800429
"SusurrosBaires",0.221795687690215
"SweetxAddicti0n",0.138026189602166
"Sylgama1Sylgama",0.474488541290675
"TERETITIDIAZ",0.300816711527256
"TNNoticiasOk",0.103285734671236
"TOPOarg",0.0481136657077545
"TR0YEF4NCY",0.884865340618437
"TSEspiritu",0.0562449121005188
"Tabernoide",0.413569897933165
"TaisiGnr",0.0299138233514213
"Tamanaco2021",0.355186217086113
"TamiPedrazaAP",0.0379801364663761
"TamiPoblete95",0.0411067402195677
"Tano2412",0.413569897933165
"TatinaGutierrez",0.1701324265303
"TativarasMirna",0.194667737284505
"TeixeiraThereza",0.0708925733007609
"Telemedios",0.0411067402195677
"TeloMarco",0.300816711527256
"TennisShopVE",0.0889951559667924
"Tequiza1",0.318418856131781
"Theurgia_Goetia",0.111167191085188
"Tiben53",0.25152334764543
"Tiburemix",0.0444788321741982
"Tigre_Hoy",0.0379801364663761
"TinLePrOso",0.0379801364663761
"TinchoTucuJSMST",0.119569866519679
"TitanCbaNoOK",0.283782475135694
"TitularesPy",0.576808656254886
"TobAversa",0.0562449121005188
"TomasVivas1",0.052029365506959
"Torres98Ok",0.267344003063405
"ToscanoMauricio",0.052029365506959
"Trinagm35",0.65455964610715
"TriniArisay",0.355186217086113
"Trotavientos",0.0825396626774012
"TurcoEslaiman",0.0379801364663761
"U24noticias",0.1701324265303
"UCRNOTICIAS",0.724840216041015
"UlisesMaesso",0.0350826433931558
"UlluaLily",0.138026189602166
"Unionmenopausic",0.0656555619800429
"UrMachado",0.0444788321741982
"VENEZOLANO_0401",0.138026189602166
"VJtwittia",0.283782475135694
"VPZulia",0.111167191085188
"VVaterboy",0.0708925733007609
"ValCamarda",0.0444788321741982
"ValSaliinas",0.0299138233514213
"ValeBonfigli",0.0607801135208407
"Valeria36528712",0.138026189602166
"ValeriaBtti",0.0444788321741982
"ValitaJV",0.0825396626774012
"Vamprva",0.0350826433931558
"Vana663",0.596776171128277
"VanchosJ",0.846820268450926
"VaneAaronator",0.119569866519679
"VanesaElba",0.128515833759837
"VaqueiroJorge",0.182079031309288
"VaquitaK",0.0656555619800429
"VegaAdn",0.0656555619800429
"Velvetml",0.128515833759837
"Venezolano447",0.433677433532932
"VenezuelaPosit3",0.336555195487199
"VeracruzHoyMx",0.158817464242006
"VeruSing",0.0607801135208407
"VickyDapello",0.119569866519679
"Vidasanagente",0.0562449121005188
"VignaOscar",0.052029365506959
"ViiScott",0.103285734671236
"Viktoriabea",0.1701324265303
"Virdema",0.0656555619800429
"VirguezFranklin",0.182079031309288
"Vivisperanza1",0.724840216041015
"WalterOperto",0.0708925733007609
"WilliWonka_Ec",0.0562449121005188
"WilliamPalomin6",0.0825396626774012
"WilliamsEscola",0.635706839522915
"XZonta",0.912888025551709
"Xiomyfer",0.158817464242006
"YASMIRAPIERUA",0.355186217086113
"YNJARIVAS",0.25152334764543
"YOLACRITICONA",0.221795687690215
"YaBastaBologna",0.236336911395384
"Yabbita",0.635706839522915
"YamashiroJonas",0.495057564008046
"Yanibonan",0.596776171128277
"YaninaGayol",0.0765131067279284
"YasminCiordia",0.0825396626774012
"YencyDacosta",0.474488541290675
"YenyOrtega",0.0411067402195677
"YgnazziOK",0.0656555619800429
"YoEstefff",0.556587037349653
"Yolandaboadas",0.708112626761362
"Yonitolengo",0.0889951559667924
"Yosari2003",0.148120708329673
"YoungMann",0.0481136657077545
"Yovelys",0.194667737284505
"Yrme21",0.495057564008046
"YvonnedeNavarro",0.474488541290675
"ZEUSESCORPIO",0.690801916006448
"Zeus_Apolo",0.556587037349653
"ZooMatt",0.052029365506959
"_Alphawoman",0.052029365506959
"_CamiCarrizo",0.0276140429422608
"_NormaContreras",0.119569866519679
"_PLED",0.182079031309288
"_TocadorDeDamas",0.0411067402195677
"__cucu",0.052029365506959
"_a_mi_no",0.0825396626774012
"_agusTB",0.336555195487199
"_eduardotero_",0.0889951559667924
"_mancho",0.194667737284505
"_ohmariano",0.336555195487199
"_seamoslibres",0.25152334764543
"_soyelnegro",0.0562449121005188
"_wwearg",0.0708925733007609
"a_valduz",0.0889951559667924
"aaco20",0.119569866519679
"aagustinl",0.138026189602166
"aaronarmandos",0.236336911395384
"aarondelverde",0.756452464665557
"aaxi_",0.0299138233514213
"abelrcp",0.0959027621411744
"abllanos",0.0708925733007609
"aboudonh",0.0825396626774012
"abueacisaK",0.103285734671236
"acianela",0.0481136657077545
"aciego_laura",0.785507601006845
"adelfrancisconi",0.300816711527256
"adnradiochile",0.0889951559667924
"adolfo_valero",0.433677433532932
"adrianah1975",0.355186217086113
"adrianarios28",0.158817464242006
"adrianastorni",0.0481136657077545
"adrianiannoni",0.128515833759837
"adrianocuba2015",0.556587037349653
"adrinavarro81",0.194667737284505
"adruquiroga",0.433677433532932
"adryose1",0.103285734671236
"aduananews",0.236336911395384
"afterchabon_net",0.0708925733007609
"agatakobe",0.0444788321741982
"agoosbelenn",0.0411067402195677
"agrositio",0.111167191085188
"agrupacion1745",0.556587037349653
"aguantebenditat",0.393746460000491
"aguezuraga",0.0959027621411744
"agumaccio",0.0200183418344822
"agushvmadero",0.0379801364663761
"agusmeu",0.0411067402195677
"agusmollica",0.0481136657077545
"aherrera1968",0.052029365506959
"aidapawlak",0.0708925733007609
"ajcunninghamc",0.374266788182162
"alancarvalho",0.374266788182162
"aleHakunamatata",0.128515833759837
"aleberco",0.0254864249403189
"alebolognessi",0.0562449121005188
"alecaviglioni",0.0562449121005188
"alefolgarait",0.0607801135208407
"alegggonzalez",0.0323987547370742
"alejandramag28",0.0562449121005188
"alejandro211952",0.0708925733007609
"alejandroartz",0.0656555619800429
"alejandrovill34",0.103285734671236
"alejaperezrueda",0.0607801135208407
"alemayavazquez",0.0607801135208407
"alemolina24",0.0959027621411744
"alepereyra97",0.1701324265303
"alepsara23",0.119569866519679
"aleracingclub2",0.0254864249403189
"alevivret",0.0825396626774012
"alexamollega54",0.25152334764543
"alexiscenter845",0.708112626761362
"alexissvaldez",0.0299138233514213
"alfredofredygon",0.148120708329673
"alfredojuncal",0.0444788321741982
"alfredosmonte",0.556587037349653
"algarock61",0.0708925733007609
"alghome",0.0765131067279284
"aliartesana",0.0889951559667924
"alibadano",0.0708925733007609
"aliciabaralt",0.267344003063405
"aliciacha88",0.267344003063405
"alitocabj12",0.0825396626774012
"almartor",0.0481136657077545
"almost_man",0.724840216041015
"alvarodicarlo",0.0708925733007609
"alverst",0.0656555619800429
"amaliaamy1971",0.119569866519679
"amaly57",0.103285734671236
"amariax",0.771304478988934
"amgalvezo",0.236336911395384
"amilcarBoca",0.0444788321741982
"amorina_m",0.374266788182162
"ana_casanovana",0.207905573288023
"anabellasoled18",0.236336911395384
"anacomc",0.1701324265303
"anainesbernal",0.119569866519679
"analia_ordoez",0.0825396626774012
"anamaria518",0.194667737284505
"anamarq",0.0379801364663761
"anaquartucci",0.128515833759837
"anatramirez8771",0.283782475135694
"andrea_okk",0.138026189602166
"andreitavaleso",0.708112626761362
"andresNespral",0.596776171128277
"andrespola3",0.119569866519679
"andresquemu",0.0765131067279284
"andru_estrella",0.119569866519679
"andy_saza_",0.0562449121005188
"andytweety",0.0825396626774012
"angel33quilmes",0.300816711527256
"angel_7600",0.0959027621411744
"angelina_nivia",0.318418856131781
"angiemiret",0.0411067402195677
"angyportugues",0.103285734671236
"animartino",0.0825396626774012
"anitacarilo",0.158817464242006
"anmary56",0.0656555619800429
"annalonm20",0.283782475135694
"annaporsiempre",0.138026189602166
"anndriussdiaz",0.0765131067279284
"anselmina07",0.236336911395384
"antisser",0.0656555619800429
"antolombardi015",0.0350826433931558
"antonelaespino1",0.111167191085188
"antonella3500",0.374266788182162
"antozeta5",0.0323987547370742
"antuTittarelli",0.300816711527256
"araguatas_45",0.771304478988934
"aramayorossy",0.374266788182162
"aramyaryam",0.119569866519679
"arangab",0.128515833759837
"archi1109",0.0481136657077545
"argenbit",0.0379801364663761
"argwines",0.0607801135208407
"ariel7710",0.0607801135208407
"ariel_eventos",0.454005729161407
"ariel_herlan",0.138026189602166
"arielcolantuono",0.0607801135208407
"arielleones3",0.111167191085188
"arielrgz",0.53617614776787
"arielyobse1",0.1701324265303
"ariesdos",0.0411067402195677
"arimelchiori1",0.0656555619800429
"aritabera",0.194667737284505
"arjimenez23",0.495057564008046
"armanda_jorge",0.25152334764543
"arnaldoandrex",0.0607801135208407
"aroncapr",0.0562449121005188
"arossilashayas",0.221795687690215
"arroadri",0.0765131067279284
"art_caridad",0.128515833759837
"aschianchi1969",0.25152334764543
"asenjo_ok",0.138026189602166
"asilopiensoyo",0.0889951559667924
"asonis",0.0481136657077545
"atodamaquina66",0.0765131067279284
"auchomaidana",0.65455964610715
"aupsi",0.25152334764543
"aurita65",0.128515833759837
"avataracuario",0.355186217086113
"avlinares",0.0444788321741982
"b96e4f075113463",0.336555195487199
"banabenegas",0.0656555619800429
"bandam381",0.336555195487199
"banditaelastica",0.336555195487199
"baraloskminos",0.207905573288023
"barbarareynoso1",0.0708925733007609
"bastanteputit4",0.0656555619800429
"bautistajuar",0.103285734671236
"bdnbdn1966",0.374266788182162
"beatrizines11",0.25152334764543
"beba_gimendez",0.374266788182162
"bebu_23",0.0607801135208407
"belen73",0.0276140429422608
"belenOz",0.0350826433931558
"belenakemeier",0.0444788321741982
"belfasio",0.221795687690215
"bellini_mariana",0.0959027621411744
"belu_mb",0.345663697746554
"beruguerrieri",0.0481136657077545
"bet_05",0.0656555619800429
"bettapique",0.0607801135208407
"betydiaz472015",0.846820268450926
"biancagiagante",0.158817464242006
"bibito_iglesias",0.221795687690215
"birraslover",0.0656555619800429
"blancabatista",0.83582857577528
"blancamore66",0.0708925733007609
"blancatoronto",0.103285734671236
"bloqhistpat",0.194667737284505
"bn_fuentes",0.0889951559667924
"bochacaballero",0.635706839522915
"bordesi",0.53617614776787
"bp585",0.0350826433931558
"braian_o74",0.0350826433931558
"braxto4085",0.0708925733007609
"breves24",0.79905844100477
"bruno_bertone",0.0323987547370742
"brunomore25",0.300816711527256
"bryanalas84",0.052029365506959
"bustos_nilda",0.194667737284505
"by_tincho",0.65455964610715
"bycarlosluck",0.515643330531229
"bz1954",0.413569897933165
"c2alvaro",0.052029365506959
"caamartin",0.0481136657077545
"cadavezmask",0.111167191085188
"cadena_jc",0.0708925733007609
"cadivi7096374",0.300816711527256
"cae_crazy",0.708112626761362
"cafischer13",0.0765131067279284
"caimmann",0.128515833759837
"camiRagazzini",0.0411067402195677
"camilofioravant",0.0350826433931558
"candealdunate",0.0299138233514213
"cap_aureliano",0.158817464242006
"capitan_meme",0.0481136657077545
"caporacasla",0.0379801364663761
"cari_pink",0.0562449121005188
"carlanebreda",0.0379801364663761
"carlosagencia",0.0825396626774012
"carlosgrubin",0.724840216041015
"carlostinca",0.0708925733007609
"carmenparra2016",0.158817464242006
"carmensalgueiro",0.616428062638762
"caro_santo",0.0959027621411744
"carobattista",0.374266788182162
"carocastrovara",0.0379801364663761
"carolinavm__",0.052029365506959
"carolinawolf15",0.0889951559667924
"carolita63",0.128515833759837
"caroszehr",0.0825396626774012
"carrie_stuart",0.0889951559667924
"caryjordan",0.0607801135208407
"casandra61",0.182079031309288
"casanova_andy",0.25152334764543
"casco_javi",0.052029365506959
"cc_estaba",0.0889951559667924
"ccavanna2608",0.0825396626774012
"ccgauffin",0.0411067402195677
"ccmgraficos",0.148120708329673
"cdf_lm",0.474488541290675
"cecicamba",0.0323987547370742
"cecicoti",0.0379801364663761
"cecilia_gaillez",0.207905573288023
"cecilia_h_",0.0959027621411744
"cecilia_wellig",0.1701324265303
"ceciliamora12",0.454005729161407
"cecite17",0.25152334764543
"cecju",0.128515833759837
"cedualcoba",0.194667737284505
"cefebrando",0.0481136657077545
"cerrudo_maria",0.0379801364663761
"cerviber",0.283782475135694
"cesar_kfbr392",0.0708925733007609
"chacaritense",0.194667737284505
"chadlewis40",0.374266788182162
"chanchoalado",0.0299138233514213
"charkyalma",0.300816711527256
"charly_elmejor",0.103285734671236
"chechifp",0.111167191085188
"chechojsh",0.267344003063405
"cherchezlaSam",0.0481136657077545
"cherman_gv",0.0411067402195677
"chessykeenan",0.0607801135208407
"chgavalos",0.052029365506959
"chiche1758",0.393746460000491
"chiche_miguel",0.0444788321741982
"chichodisanto",0.103285734671236
"chilegall",0.0765131067279284
"chino100001",0.207905573288023
"chinodemao",0.0656555619800429
"chocafive",0.336555195487199
"chocoyeily",0.0607801135208407
"chordan12",0.300816711527256
"chriscarreras",0.194667737284505
"christiannietoc",0.0444788321741982
"chuchotren",0.221795687690215
"cia_perez",0.194667737284505
"cibermedico",0.221795687690215
"cielcamminatore",0.556587037349653
"cieloesta",0.221795687690215
"cigaelvio",0.221795687690215
"ciinthiaalvarez",0.0825396626774012
"cinchurreta",0.0562449121005188
"cirocincovidas",0.515643330531229
"clapa238",0.0889951559667924
"claudelrojo13",0.148120708329673
"claudia_pombo",0.0708925733007609
"claudiaanyali",0.148120708329673
"claudiabanitez",0.79905844100477
"claudiabossie",0.0825396626774012
"claudiarossi65",0.433677433532932
"claufernandezar",0.25152334764543
"claulamorochia",0.0889951559667924
"claumaranga",0.128515833759837
"clawwdy",0.0765131067279284
"clementinacc",0.0607801135208407
"cmarianegarrido",0.393746460000491
"cminoves2",0.771304478988934
"coco_russo",0.393746460000491
"codedboii",0.111167191085188
"colectivoavanza",0.672938751801702
"coloradobustos",0.355186217086113
"comandanterubia",0.103285734671236
"comitepcmdf",0.138026189602166
"comounjet",0.1701324265303
"compagnucciglo1",0.393746460000491
"conjura2016",0.393746460000491
"conquisivipacem",0.0411067402195677
"cordobasusana72",0.0959027621411744
"corradobeto",0.0656555619800429
"corraldebustos",0.148120708329673
"cosimocaridi",0.0411067402195677
"cotorreando2",0.267344003063405
"couturierv",0.0379801364663761
"cramadero",0.182079031309288
"crish2012",0.0607801135208407
"crisnarnia",0.724840216041015
"cristianchavesg",0.0825396626774012
"cristobalvega",0.0656555619800429
"curuncuncunio",0.103285734671236
"cusoeldecano",0.1701324265303
"cvbis",0.0825396626774012
"d6vey",0.0765131067279284
"daisycamacaro",0.1701324265303
"damianpachter",0.0708925733007609
"dancrisile",0.103285734671236
"dangueron",0.576808656254886
"danidancr",0.0379801364663761
"daniel_sam_",0.866990193110338
"daniel_sepic",0.318418856131781
"danielacariddi",0.0825396626774012
"danielagerlo",0.433677433532932
"danielmoglia",0.0411067402195677
"danielpafundi",0.0708925733007609
"danisagp",0.0350826433931558
"danyelsax84",0.0607801135208407
"danymaldo106",0.300816711527256
"daraujovidal",0.515643330531229
"dariohruszecki",0.128515833759837
"davidnesher",0.158817464242006
"davidvalera14",0.65455964610715
"debbaires",0.0444788321741982
"debygregorio",0.0889951559667924
"degarin_eli",0.0889951559667924
"delaguilaceci",0.0350826433931558
"delegadolmcba",0.148120708329673
"delocostas",0.0708925733007609
"delossof",0.0959027621411744
"delvecchiomaru",0.0379801364663761
"desdenoguera",0.0379801364663761
"detsy_flores",0.576808656254886
"diablomdq",0.148120708329673
"diadeboca",0.111167191085188
"diariocarlospaz",0.25152334764543
"diariodecuyoweb",0.138026189602166
"diariohoynet",0.433677433532932
"diariouno",0.0481136657077545
"diearduini",0.0562449121005188
"diegoacorbalan",0.0889951559667924
"diegoaldro",0.0607801135208407
"diegoarmesto",0.0708925733007609
"diegogspr",0.0889951559667924
"diegolsancueva",0.0889951559667924
"diegome2015434",0.207905573288023
"diegoschurman",0.0825396626774012
"diegotorresland",0.596776171128277
"dieguiiiDiazzz",0.0379801364663761
"dilul68",0.0889951559667924
"dino28795308",0.267344003063405
"diosdevorador",0.111167191085188
"djgantus",0.0411067402195677
"dmcortina",0.148120708329673
"doloarias",0.79905844100477
"drjose_aguilera",0.158817464242006
"drpepe44",0.138026189602166
"dvphine",0.0350826433931558
"eas187",0.0481136657077545
"ecethelcuello",0.148120708329673
"ecmoldero",0.052029365506959
"ecuciudadana",0.0765131067279284
"ecv145",0.207905573288023
"edel3591",0.052029365506959
"eduMAW2013",0.283782475135694
"eduarditosc",0.0379801364663761
"eduardobork",0.0444788321741982
"eeeliiaanaa",0.052029365506959
"egodial",0.052029365506959
"ejeckerdt",0.0765131067279284
"ejmflood",0.0656555619800429
"ejn62",0.318418856131781
"el_gila",0.103285734671236
"el_sultan_ar",0.318418856131781
"el_taperola",0.052029365506959
"elan_r",0.0708925733007609
"elbebucheli",0.979191061115547
"elcazacarpincho",0.111167191085188
"eldesconcierto",0.0765131067279284
"elefantitoargen",0.0765131067279284
"elianayuponi",0.0765131067279284
"eliasalegre",0.0350826433931558
"eliaschein",0.0411067402195677
"eljona_llanes",0.148120708329673
"elladepalermo1",0.0959027621411744
"elmalvinense82",0.0656555619800429
"elpajararoka",0.119569866519679
"elrafaatencio",0.138026189602166
"elsa_queved",0.0765131067279284
"elsakainik",0.318418856131781
"elsaporey",0.194667737284505
"elsolonline",0.0656555619800429
"eltanoballe",0.393746460000491
"elunicoekeko",0.0765131067279284
"elvasco77",0.0481136657077545
"elwilsonok",0.236336911395384
"elyferreras",0.138026189602166
"em2356",0.433677433532932
"ema_fili",0.0411067402195677
"emetedeme",0.0656555619800429
"emeveese",0.474488541290675
"emybur",0.0444788321741982
"enrique_altami",0.111167191085188
"enriquezjorge",0.0607801135208407
"enzofoglia099",0.393746460000491
"epoca1963",0.0708925733007609
"erikachacon5684",0.576808656254886
"escaladadavid0",0.756452464665557
"esdiely",0.300816711527256
"esparragosa1",0.433677433532932
"espinosteresa1",0.300816711527256
"esteladderlee",0.0607801135208407
"estelaterruzzi",0.236336911395384
"estherlilianaff",0.1701324265303
"estoyhastaaca",0.148120708329673
"eugebustamante",0.0562449121005188
"eugeconi",0.0825396626774012
"eugeniawehbe",0.25152334764543
"eutirivas",0.158817464242006
"euumar",0.0889951559667924
"evalourm",0.103285734671236
"evezury",0.393746460000491
"evita_pr",0.0444788321741982
"exacticamente_",0.0765131067279284
"ezectec",0.267344003063405
"ezefiorelli",0.355186217086113
"ezequiel_14_22",0.148120708329673
"eztyto",0.53617614776787
"fabi_vergara",0.474488541290675
"fabianA24789573",0.182079031309288
"fabianjese",0.221795687690215
"fabio_utah",0.0411067402195677
"fabisaenzval",0.0607801135208407
"fabri_jujuy",0.0562449121005188
"fabu63",0.0444788321741982
"facepopularok",0.892994216525312
"facundoperaltag",0.0379801364663761
"fafo_",0.724840216041015
"faguty",0.111167191085188
"faloyalabolsa",0.0379801364663761
"fase0cero",0.0959027621411744
"fauzan_hotelsix",0.740959858610242
"favelopa",0.0959027621411744
"favio_castro",0.0444788321741982
"fdllara1",0.148120708329673
"fedecolombo33",0.0350826433931558
"fedepugli",0.052029365506959
"federicoabadie1",0.25152334764543
"federicodeco",0.318418856131781
"federivero18",0.0444788321741982
"felicianape",0.83582857577528
"felippillo19514",0.53617614776787
"felixbrochero",0.556587037349653
"felixelpela",0.0607801135208407
"ferchunchis",0.300816711527256
"ferlo75",0.0607801135208407
"fermarifers",0.283782475135694
"fermincrece",0.0562449121005188
"fernandaparodi5",0.221795687690215
"fernandezarg1",0.103285734671236
"fernandoruffo",0.336555195487199
"feros135",0.138026189602166
"ferpatar",0.708112626761362
"ferreyrawalter6",0.283782475135694
"fersss_vera",0.0656555619800429
"ferva52",0.454005729161407
"ffeomaria",0.0889951559667924
"fharari",0.0959027621411744
"fi_eugenia",0.111167191085188
"floastegiano",0.0656555619800429
"florcw",0.128515833759837
"florenciab64",0.0959027621411744
"florfernan4",0.236336911395384
"flovaccaro",0.0299138233514213
"fluchini1972",0.635706839522915
"fluxusx",0.0959027621411744
"fmarinella31",0.0323987547370742
"fmlaboca",0.0708925733007609
"follonier",0.0379801364663761
"fpinina",0.0656555619800429
"francesca1737",0.111167191085188
"franjmartino",0.182079031309288
"frankk23",0.128515833759837
"franvlrs",0.0562449121005188
"frebinoticias",0.495057564008046
"freemansullivan",0.0959027621411744
"frontadomiguel",0.1701324265303
"fullMelomaniac",0.0323987547370742
"fundatiacruz",0.0959027621411744
"funesmemorial",0.0562449121005188
"gabimumi",0.148120708329673
"gabociro",0.0481136657077545
"gabriela061174",0.556587037349653
"gabriela268",0.0656555619800429
"gabrielmetsch",0.0379801364663761
"gabrielp1976",0.119569866519679
"gabuchote0365",0.433677433532932
"gaby_f64",0.103285734671236
"gabycristyan",0.128515833759837
"gabymenta",0.25152334764543
"gaialiester",0.0444788321741982
"galeanomf",0.0607801135208407
"galelugo",0.1701324265303
"gallardomarcel4",0.495057564008046
"gallucci_h",0.0299138233514213
"garnichicago73",0.0379801364663761
"gatostafe",0.138026189602166
"gc_deb",0.0481136657077545
"gdnicola",0.0708925733007609
"german_garavano",0.0562449121005188
"germanesponda",0.207905573288023
"gherman78",0.0708925733007609
"gigoloanchorena",0.103285734671236
"gilvieiro65",0.0959027621411744
"giovanni_tuti",0.936923076370596
"giramono",0.236336911395384
"giselatoledo15",0.0959027621411744
"giselawild",0.0481136657077545
"giselleleclercq",0.0350826433931558
"giulii_13",0.0481136657077545
"globatium",0.474488541290675
"gloriaadrilu",0.556587037349653
"gmaring6",0.556587037349653
"gomez_wilfredo",0.355186217086113
"gomeznessi",0.194667737284505
"gonzaloaziz",0.0323987547370742
"gparra12",0.0825396626774012
"gpsinformativo",0.454005729161407
"gracefaraco",0.756452464665557
"gracegm2014",0.283782475135694
"gracepenafort",0.0444788321741982
"graciel47020633",0.182079031309288
"gracimou",0.128515833759837
"gracygv",0.207905573288023
"grampositiv0",0.0299138233514213
"grekko4",0.0481136657077545
"gron",0.0562449121005188
"gsamsa11",0.0607801135208407
"gucciflv",0.0656555619800429
"guido_mpj",0.0562449121005188
"guidodevelez",0.393746460000491
"guille_lopez360",0.182079031309288
"guillo_gonza",0.79905844100477
"gusporta",0.318418856131781
"gustakim",0.052029365506959
"gustavoposse",0.0323987547370742
"gustso",0.0765131067279284
"gutierrezlolita",0.1701324265303
"hachozzzz",0.052029365506959
"hay_cacchione",0.267344003063405
"heberlar",0.0379801364663761
"hecesdargentina",0.1701324265303
"hectorespinozam",0.236336911395384
"hernanf87059097",0.393746460000491
"herrkukumber",0.0481136657077545
"hjservicios",0.194667737284505
"holasoymilaa",0.884865340618437
"horacio_56",0.433677433532932
"horacio_lorenzo",0.0607801135208407
"hpablo751",0.0350826433931558
"hriguey",0.515643330531229
"hugodevana",0.0825396626774012
"hugowalterg",0.672938751801702
"hugozamo",0.119569866519679
"husancar",0.103285734671236
"iBand1t",0.0323987547370742
"iG_DaWg",0.103285734671236
"iGonzaDiaz",0.0444788321741982
"icarliii",0.0379801364663761
"idaniapenna",0.616428062638762
"ideasGraves",0.0765131067279284
"ignacitomi",0.0411067402195677
"ignatius_1984",0.556587037349653
"iklare",0.158817464242006
"inak888",0.0656555619800429
"indigenaven",0.724840216041015
"infoecos",0.672938751801702
"inforbaires",0.876204547959389
"informosaexpres",0.433677433532932
"inglestornquist",0.128515833759837
"ingridjabana",0.138026189602166
"ingridyelitza",0.25152334764543
"innaiortsam27",0.0959027621411744
"intendenciaobre",0.128515833759837
"investemerging",0.300816711527256
"ionalevy4",0.0323987547370742
"ira_laira",0.119569866519679
"irecarmen",0.0323987547370742
"irislaplata",0.0379801364663761
"irmizza",0.374266788182162
"isabelayende2",0.616428062638762
"isabelemus",0.0825396626774012
"itsSawds",0.300816711527256
"itsvalentinag",0.0889951559667924
"ivaary",0.0562449121005188
"ivanamolina2007",0.111167191085188
"ivanpinto18",0.158817464242006
"ivipaz22",0.194667737284505
"ivo_angaramo",0.148120708329673
"j_c1946",0.119569866519679
"j_enrrico",0.635706839522915
"jabru04",0.65455964610715
"jacksparrow174",0.0656555619800429
"jadagui",0.0299138233514213
"jaicora",0.0825396626774012
"jaimellopis",0.0607801135208407
"jakaysi",0.300816711527256
"janethsuare",0.182079031309288
"jap0106",0.0607801135208407
"japose",0.103285734671236
"jasagil",0.158817464242006
"jatuzzi",0.0481136657077545
"javierlew",0.0889951559667924
"javierochoa88",0.785507601006845
"javiersarmient",0.148120708329673
"jbouzas2012",0.0411067402195677
"jcarco",0.0708925733007609
"jdanarias",0.0350826433931558
"jeamor56",0.355186217086113
"jebusdkno1",0.138026189602166
"jechague",0.0350826433931558
"jeharguindey",0.0607801135208407
"jelinacmarrero",0.158817464242006
"jeniferediaz",0.635706839522915
"jerald_curley",0.0411067402195677
"jere_garcia",0.0299138233514213
"jeykiragomez",0.0656555619800429
"jfcateura",0.0889951559667924
"jg48_jorge",0.355186217086113
"jherrerabravo",0.0708925733007609
"jimeerd",0.433677433532932
"jimenaflorentin",0.0656555619800429
"jimenoide19",0.138026189602166
"jleochg",0.0889951559667924
"jleomoreno",0.148120708329673
"jllcsimaster",0.194667737284505
"jmmargueirat",0.0607801135208407
"joacogarau",0.0379801364663761
"joaqo71",0.0481136657077545
"joelaimasso",0.267344003063405
"joha_ts_",0.876204547959389
"johanj917",0.052029365506959
"joneldimuro",0.374266788182162
"jorcre",0.103285734671236
"jordanshort91",0.052029365506959
"jorgeSalinas69",0.111167191085188
"jorge_el_turko",0.0708925733007609
"jorge_fisz",0.25152334764543
"jorgecvalobo",0.0481136657077545
"jorgemarchesi1",0.53617614776787
"jorguese",0.690801916006448
"jormurua",0.0254864249403189
"jose009ivan",0.0562449121005188
"josedemarco32",0.128515833759837
"joseetoledo",0.0411067402195677
"josefinamaggior",0.182079031309288
"josegarcia5000",0.0889951559667924
"josemiguel1943",0.207905573288023
"joseort74770630",0.824211883217638
"jotamargheritis",0.0656555619800429
"jovenesproer",0.158817464242006
"jpalbergoli",0.0481136657077545
"jpksla",0.0656555619800429
"jrhernandez75",0.690801916006448
"jroffo",0.0379801364663761
"jsolanoprada553",0.857201768965115
"jtwnunez",0.0562449121005188
"juan2013b",0.515643330531229
"juanMJR22",0.907746547378614
"juan_budding",0.454005729161407
"juan_mirassou",0.25152334764543
"juancarlos068",0.0350826433931558
"juancarlos5016",0.374266788182162
"juanch0deluce",0.103285734671236
"juanclsolis",0.690801916006448
"juanflores18",0.0825396626774012
"juanitodiez",0.0379801364663761
"juanjose7573",0.300816711527256
"juanpi80salinas",0.0959027621411744
"julianmonsuarez",0.283782475135694
"julibianchii",0.103285734671236
"juliespinndola",0.0200183418344822
"juliherrera0",0.0889951559667924
"juliodiaz032",0.111167191085188
"jumapa96",0.236336911395384
"justo_ricardo",0.596776171128277
"jvedia",0.0481136657077545
"kacuestas",0.236336911395384
"kamacrimartins",0.79905844100477
"kami_farias",0.0444788321741982
"karilanna",0.616428062638762
"karinaaaok",0.0562449121005188
"karlaaco",0.236336911395384
"karlasayago",0.433677433532932
"karumar70",0.158817464242006
"katuloba",0.267344003063405
"kevrol457",0.0656555619800429
"kikosalas69",0.0765131067279284
"kkatiragladys",0.103285734671236
"krisrodrig",0.236336911395384
"kungslafbis",0.0444788321741982
"la5taconmassa",0.318418856131781
"la_rola274",0.0959027621411744
"lacrissstii",0.103285734671236
"ladydice70",0.25152334764543
"lagaviotta",0.103285734671236
"lagiudu",0.128515833759837
"lailarobledo_ur",0.0765131067279284
"lalitanoriega",0.300816711527256
"lalolanusse",0.355186217086113
"lalongclub",0.052029365506959
"lalybuss",0.0765131067279284
"lamasexy25",0.771304478988934
"lamorocha0508",0.433677433532932
"lanegry1",0.0481136657077545
"lapagano",0.267344003063405
"lapassawee26",0.690801916006448
"lapibaKa",0.138026189602166
"laprofegarcia",0.103285734671236
"lasnoticiasweb",0.515643330531229
"laucervone",0.194667737284505
"launyp678",0.0889951559667924
"lauoliveto",0.1701324265303
"laura_meana",0.433677433532932
"lauskap77",0.0562449121005188
"lautaescudero",0.0562449121005188
"lawwarriors",0.0656555619800429
"lazzaGs",0.0889951559667924
"lbelbuzzi1",0.052029365506959
"leandro2012ok",0.111167191085188
"lecorbusier6511",0.267344003063405
"leila_lloyd",0.283782475135694
"leoalfaro02",0.0656555619800429
"leocatena",0.052029365506959
"leonardcamacho",0.0765131067279284
"leonardo061158",0.318418856131781
"leonardodlz",0.0350826433931558
"leonenlaselva",0.194667737284505
"leoparedesve",0.454005729161407
"leosisidro",0.0765131067279284
"leosvirsky",0.052029365506959
"leoventura3",0.0959027621411744
"lesbiaperez240",0.413569897933165
"letraurgente",0.0607801135208407
"levantateCagonq",0.182079031309288
"lhahu",0.0708925733007609
"libealam15",0.138026189602166
"libertadonadacs",0.576808656254886
"libertadvv",0.413569897933165
"lidiasaya",0.0708925733007609
"lilianavinten",0.236336911395384
"lilianoemitorr1",0.119569866519679
"liliarny",0.182079031309288
"lilibeth1999",0.374266788182162
"lilidice",0.0959027621411744
"lilitacris",0.0708925733007609
"linda0863",0.236336911395384
"liniettiang",0.876204547959389
"linobec",0.0411067402195677
"lisaguachi",0.0656555619800429
"little_eagle_",0.0444788321741982
"livingcarranza",0.25152334764543
"llamerosolo",0.103285734671236
"llleeeooojavier",0.318418856131781
"lm_ledezma",0.413569897933165
"lnferreyra",0.0765131067279284
"lnstigating",0.97264006425884
"lochiirios",0.0825396626774012
"lolaplagademati",0.207905573288023
"lolitamos",0.1701324265303
"lopezdebora1982",0.0656555619800429
"lorebessone",0.0889951559667924
"loredivita70",0.148120708329673
"loreleygordon",0.1701324265303
"lorenacasna",0.128515833759837
"loretay",0.111167191085188
"louloussss",0.207905573288023
"lourderomero",0.393746460000491
"lourdes_dotti",0.138026189602166
"lourdesdaiana3",0.0323987547370742
"lourdesrivas2",0.53617614776787
"lovepant",0.0444788321741982
"lrzunino",0.236336911395384
"lsblancopacheco",0.0825396626774012
"lsotom",0.119569866519679
"lucasmolinari1",0.0889951559667924
"lucaszozaya",0.0411067402195677
"luci_dice",0.0656555619800429
"lucia__munoz",0.300816711527256
"luciamcloughlin",0.374266788182162
"lucianitagrunge",0.0656555619800429
"lucyfernandes67",0.65455964610715
"luiccex",0.474488541290675
"luis_zuritaSL",0.971304162246805
"luisavasquezz",0.0889951559667924
"luisbetomessa",0.138026189602166
"luisfer123",0.912888025551709
"luisgodoy29",0.111167191085188
"luispremium2",0.182079031309288
"luisrodriguez51",0.194667737284505
"lulipo85",0.0607801135208407
"lulu_pes",0.111167191085188
"lunamiriam2",0.0959027621411744
"lunita_sweet",0.0411067402195677
"lusibello",0.0379801364663761
"luzYlibertad14",0.413569897933165
"lylygarcete",0.771304478988934
"lynetteizag",0.355186217086113
"m4ribel100",0.53617614776787
"m_cristina_58",0.0708925733007609
"maalexsan",0.236336911395384
"maby_1957",0.194667737284505
"mac_asunta",0.138026189602166
"macacha_w",0.0444788321741982
"machu_10",0.0607801135208407
"macogarrote",0.0825396626774012
"madiaz426",0.111167191085188
"maeimagendigit1",0.0444788321741982
"majaanpo",0.355186217086113
"majogm",0.0481136657077545
"makmarce",0.128515833759837
"malmenor_",0.0825396626774012
"mama_en_panico",0.53617614776787
"mama_potatoes",0.0959027621411744
"man_krip",0.374266788182162
"mansanken",0.138026189602166
"manubelaaa",0.0889951559667924
"manuel_astiz",0.128515833759837
"manuelariosok",0.0411067402195677
"manuelgonzalvez",0.0656555619800429
"maradobatto",0.0562449121005188
"maramarcont",0.052029365506959
"marcapolitica",0.283782475135694
"marcelanricci86",0.300816711527256
"marcelaver",0.0562449121005188
"marceloaurelio",0.0444788321741982
"marcelolareu",0.0825396626774012
"marceloleyria",0.128515833759837
"marcelooscarme2",0.318418856131781
"marcerom6898",0.207905573288023
"marcos26gonzalo",0.267344003063405
"marcosf91",0.0350826433931558
"mardanrob",0.0825396626774012
"marejor2002",0.158817464242006
"maria_antonione",0.25152334764543
"maria_foletto",0.857201768965115
"mariacautelar",0.119569866519679
"mariafabiana10",0.267344003063405
"mariaines1968",0.690801916006448
"marianadegrego",0.79905844100477
"marianagras",0.0708925733007609
"marianawinocur",0.0765131067279284
"marianelateiwas",0.920645783244535
"marianlaunica",0.0825396626774012
"marianne_js",0.0656555619800429
"marianocuneol",0.138026189602166
"mariaparasporo",0.515643330531229
"mariapelozo81",0.236336911395384
"mariarosaa13",0.158817464242006
"maribelse",0.616428062638762
"marielvacc",0.374266788182162
"marielvich",0.111167191085188
"mariianaa19",0.0481136657077545
"marinagarzon5",0.111167191085188
"mariodasneves",0.119569866519679
"marioferraro48",0.207905573288023
"mariovidela12",0.052029365506959
"marisa9422",0.0889951559667924
"marisabrel",0.0216996463123937
"marisaperiodist",0.0562449121005188
"marisazalazar2",0.0708925733007609
"marisisabel1",0.433677433532932
"mariueugeniag",0.0276140429422608
"marividasneves",0.0481136657077545
"marlithleon8",0.182079031309288
"marquitospena",0.0254864249403189
"marrceles",0.690801916006448
"martabonafoni",0.0656555619800429
"martadelfrari",0.103285734671236
"martakaree",0.0444788321741982
"martasofiamart1",0.413569897933165
"marthadinos",0.207905573288023
"martin_carp16",0.866990193110338
"martin_pelaes",0.300816711527256
"martinestevez19",0.0323987547370742
"martinferrusso",0.052029365506959
"martlevy",0.207905573288023
"marttinezangel",0.128515833759837
"maruelig",0.0889951559667924
"mary14121",0.474488541290675
"mary_nela62",0.0959027621411744
"marydlr",0.103285734671236
"marygambler",0.0889951559667924
"maryguerlach",0.318418856131781
"matelacarra",0.0959027621411744
"mateomunoz99",0.283782475135694
"matheusmbbmp",0.884865340618437
"mati_tango",0.374266788182162
"matiasdolce",0.0607801135208407
"matirojoPV",0.0562449121005188
"matur82",0.0379801364663761
"mauba78",0.0889951559667924
"mauricarignano",0.052029365506959
"mauriciomacri",0.0444788321741982
"mavandam",0.182079031309288
"maxicar70",0.111167191085188
"maxihonores",0.194667737284505
"maximmontenegro",0.0235187716053296
"maximontenegro5",0.283782475135694
"maxipok",0.0708925733007609
"maxzurcher",0.0708925733007609
"mazthetelling",0.267344003063405
"mcaldeiras",0.0411067402195677
"mcarmen_adan",0.148120708329673
"mcfontenla",0.0889951559667924
"mdbergfeld",0.0562449121005188
"mdosfer",0.138026189602166
"mechistefanich",0.0656555619800429
"melabz",0.194667737284505
"melisantoniolli",0.0444788321741982
"mercedesgalland",0.138026189602166
"mercedestulian",0.318418856131781
"merey950",0.052029365506959
"meripinck",0.128515833759837
"merleguizamon",0.128515833759837
"merlufer",0.119569866519679
"merystafe",0.515643330531229
"metabys",0.724840216041015
"mfduran2",0.128515833759837
"mfiuza59_11",0.336555195487199
"mg_crv",0.0656555619800429
"mgiambar",0.0299138233514213
"mgm_arg",0.65455964610715
"mica_lehsmann",0.0411067402195677
"migarciabl",0.128515833759837
"miguefont",0.052029365506959
"miguelA59496790",0.53617614776787
"milamastroci",0.1701324265303
"mildredjpa",0.1701324265303
"mililazarte87",0.0411067402195677
"milloele",0.0444788321741982
"milusanti2",0.111167191085188
"miluza1",0.576808656254886
"mimaceratesi",0.0825396626774012
"mimagi09",0.148120708329673
"mingovitale",0.0481136657077545
"minue77",0.128515833759837
"miradorvirtual",0.283782475135694
"miriam_zabala",0.25152334764543
"miriamspa",0.103285734671236
"mirian_her",0.0481136657077545
"mirovasqueza",0.672938751801702
"mirrorballpaul",0.53617614776787
"mirtaannovelli",0.0481136657077545
"mirthacastrogi2",0.128515833759837
"mismaroja",0.182079031309288
"missfatia",0.182079031309288
"mitworks",0.0379801364663761
"ml_ferrando",0.0299138233514213
"mlabin",0.556587037349653
"mmcuesta",0.0299138233514213
"mmicaformini",0.0350826433931558
"mmoralesleonett",0.318418856131781
"mollo_dario",0.111167191085188
"monicacperalta",0.0379801364663761
"monikapato",0.0708925733007609
"monirevel",0.0379801364663761
"montsebenedi",0.119569866519679
"moralesyayi",0.0444788321741982
"morapetraglia",0.0481136657077545
"morasuata",0.740959858610242
"morilili",0.0765131067279284
"mpaulitagarcia",0.0889951559667924
"mrenzu",0.0889951559667924
"msgiaco",0.0562449121005188
"msoltiscornia",0.207905573288023
"mujerbolita",0.0350826433931558
"mumimumi09",0.194667737284505
"muycristino",0.474488541290675
"muymalosa",0.0959027621411744
"muymolinari",0.283782475135694
"mvf2008",0.267344003063405
"mvictoriariva",0.616428062638762
"mvstorani",0.0765131067279284
"n_i_c_o_1",0.182079031309288
"nachabal",0.616428062638762
"nachosch12",0.0411067402195677
"nachosiebenhart",0.0350826433931558
"najustus",0.433677433532932
"nanbb03",0.413569897933165
"nancyfranchello",0.0765131067279284
"nandomendoza_",0.0411067402195677
"napolipablo",0.0299138233514213
"naranjayuva",0.672938751801702
"natilloaddesi",0.111167191085188
"natuarmoa",0.355186217086113
"navas128",0.158817464242006
"navegosolo",0.393746460000491
"nbestues",0.0959027621411744
"nbulos",0.53617614776787
"ncola77",0.0825396626774012
"negritamirja",0.148120708329673
"negrura1412",0.0765131067279284
"neopaulista",0.0656555619800429
"newells73",0.052029365506959
"newscba",0.884865340618437
"niaraalis",0.138026189602166
"nicholsflowers1",0.0825396626774012
"nickogore",0.0889951559667924
"nicobarrosc",0.111167191085188
"nicobernab",0.0562449121005188
"nicolas_rr86",0.0444788321741982
"nicolasgraino",0.0959027621411744
"nicolasmargarit",0.635706839522915
"nicolaspizzi",0.0481136657077545
"nicoleteren",0.0276140429422608
"nicolucy26",0.221795687690215
"nicorisso88",0.052029365506959
"nieva_silvina",0.0411067402195677
"nikacartb",0.148120708329673
"nikitaacosta2",0.138026189602166
"ninciarte",0.635706839522915
"ninos14",0.25152334764543
"nippur16",0.756452464665557
"nirehues",0.207905573288023
"nivicella",0.0299138233514213
"nnatnieto",0.052029365506959
"nnunito",0.128515833759837
"noeeacuna",0.0765131067279284
"noemi_hayde",0.0825396626774012
"noisgonzalez",0.0562449121005188
"nolive53",0.0708925733007609
"nolonolo2003",0.0411067402195677
"noquiseamendez",0.182079031309288
"nore_SD",0.148120708329673
"norehab13",0.0379801364663761
"norelisgonza114",0.207905573288023
"normaedithcasti",0.0481136657077545
"normamussa",0.393746460000491
"normanesnombre",0.0299138233514213
"noseasrenzo",0.0444788321741982
"noticiascentro",0.111167191085188
"noticonenfoque",0.111167191085188
"notinlosangeles",0.968917166655973
"npostorivo",0.148120708329673
"nurcampbell",0.318418856131781
"oae2000",0.0379801364663761
"oceandrive25",0.0562449121005188
"odalis01",0.103285734671236
"oddilele",0.0411067402195677
"ofelia_prado71",0.1701324265303
"ofeliaalfonzo",0.355186217086113
"ohsamaisalive",0.148120708329673
"olgaantonini83",0.931876753428742
"omtl101",0.103285734671236
"orlando59001",0.672938751801702
"oscar_libardo2",0.53617614776787
"oscarferchu",0.267344003063405
"oscarmonrroy",0.0411067402195677
"oskygomita",0.221795687690215
"osvaldo_varela",0.128515833759837
"otrarodriguez",0.0562449121005188
"p74236847",0.616428062638762
"p_polyn",0.25152334764543
"pabliandrada",0.148120708329673
"pablo042004",0.771304478988934
"pabloestebanok",0.0562449121005188
"pablosulima",0.052029365506959
"pablotamendi",0.0959027621411744
"pablotomassi",0.0379801364663761
"pablouribecali",0.0708925733007609
"pacbrc69",0.65455964610715
"pachogongil",0.267344003063405
"palmero_rocio",0.221795687690215
"pancholarralde",0.0411067402195677
"paoromi",0.300816711527256
"pareces",0.111167191085188
"pasculuis",0.0607801135208407
"pasosaravia",0.0959027621411744
"pataypedal",0.128515833759837
"patdalto",0.221795687690215
"patitolacuerva",0.207905573288023
"patoromitelli",0.355186217086113
"patricia_rolon",0.0411067402195677
"patrybad1",0.236336911395384
"paufranceschini",0.148120708329673
"paulafrigeni",0.182079031309288
"paulamallin",0.0959027621411744
"paz1276",0.138026189602166
"pazcarmor",0.0379801364663761
"paztesalva",0.0562449121005188
"pe47718467",0.207905573288023
"pedroRubenvill2",0.413569897933165
"pedrogotti",0.1701324265303
"pelisal",0.0825396626774012
"pepeargt",0.283782475135694
"pepepuntcat",0.111167191085188
"pepogodoy1",0.0444788321741982
"perdigueroluis",0.194667737284505
"perezkevin28",0.0481136657077545
"perlaflorespf",0.128515833759837
"pfpanama",0.374266788182162
"picasso_daniela",0.0825396626774012
"picheu",0.111167191085188
"picte",0.194667737284505
"pilard",0.0825396626774012
"pilotoshampein",0.596776171128277
"pirixit02",0.0607801135208407
"pisanati",0.0444788321741982
"pistoluky",0.0562449121005188
"pitybaioni",0.0765131067279284
"pj_sanisidro",0.393746460000491
"pksteinberg",0.148120708329673
"pluto2012",0.0444788321741982
"plutonasch",0.283782475135694
"pmonicaines",0.576808656254886
"pochita53",0.433677433532932
"podertactica",0.355186217086113
"poliarmen",0.0350826433931558
"poligrisolia",0.0379801364663761
"populardiario",0.0708925733007609
"prolnalem",0.25152334764543
"provillamaria",0.556587037349653
"psivori1",0.740959858610242
"puntoceroLA",0.336555195487199
"pvillegas_tlSUR",0.0411067402195677
"qienfosqi",0.0708925733007609
"qtpasha",0.148120708329673
"que_nm",0.0708925733007609
"queenbibis",0.0656555619800429
"quiensoovo",0.0656555619800429
"rabraca",0.221795687690215
"radiosonar_net",0.119569866519679
"rafaelacostajp",0.267344003063405
"rafaelamruiz",0.811958127868811
"rafaelerrasti",0.221795687690215
"rafalgonzalez",0.0481136657077545
"rallymaniac0913",0.0765131067279284
"ramiritoj",0.0656555619800429
"ramirohreniszen",0.0607801135208407
"ramirosoron",0.138026189602166
"ramondelacruza3",0.194667737284505
"ramrovert",0.433677433532932
"raucla",0.1701324265303
"raynierh12",0.495057564008046
"rbarrientos_g",0.65455964610715
"rdias2015pa",0.83582857577528
"reindeerblack",0.128515833759837
"renesolorzano",0.393746460000491
"revisbarcelona",0.0235187716053296
"revistaque1",0.138026189602166
"reyhuerta",0.111167191085188
"reyna154",0.103285734671236
"rgotogreco",0.111167191085188
"ricardosouza13",0.0959027621411744
"rigonaro",0.236336911395384
"riosRi42",0.148120708329673
"rjlg1969",0.433677433532932
"rlloveram",0.576808656254886
"ro6560",0.128515833759837
"ro_agostino",0.0444788321741982
"rob_lascano",0.052029365506959
"roberto166",0.0444788321741982
"rocioazambuya",0.221795687690215
"rojasperio",0.0562449121005188
"rolynie73",0.1701324265303
"romhy15",0.0607801135208407
"romikara",0.103285734671236
"romipater",0.0825396626774012
"ropinino",0.119569866519679
"roslyp",0.283782475135694
"rossdelv1",0.0889951559667924
"rothsabrina",0.0607801135208407
"rpg3399",0.0765131067279284
"rrsotogutierrez",0.0562449121005188
"rubenrostaingr",0.433677433532932
"rubensilvafraga",0.0562449121005188
"ruberti_nelson",0.052029365506959
"ruidodelasnuece",0.0607801135208407
"rusoelgroso",0.0959027621411744
"sallydeaca",0.495057564008046
"sandraclarisa1",0.0889951559667924
"sandraibertis",0.374266788182162
"sandriiichamor1",0.771304478988934
"sandrusg",0.0444788321741982
"sandryss2010",0.616428062638762
"sandy_suarez_70",0.221795687690215
"sanjuantv",0.128515833759837
"santdoff",0.672938751801702
"santiagoalberdi",0.0825396626774012
"santiagotun",0.0825396626774012
"santino2970",0.207905573288023
"santosmia1515",0.0708925733007609
"santupix",0.0379801364663761
"santy3658",0.207905573288023
"sasasoldati",0.708112626761362
"sasselaura",0.1701324265303
"scabovianco",0.0481136657077545
"scarmiento1",0.138026189602166
"scastrillon",0.194667737284505
"sebaallione",0.0607801135208407
"sebasm337",0.128515833759837
"sebasneuspiller",0.0765131067279284
"sebastiangzp",0.454005729161407
"sergiojbustos",0.0708925733007609
"serv80",0.25152334764543
"servillanueva",0.0481136657077545
"sexomix2357",0.355186217086113
"sgvero",0.708112626761362
"silcasas1",0.128515833759837
"silnoe_gil",0.0444788321741982
"silviadacal58",0.0708925733007609
"silviadaniele2",0.103285734671236
"silviarienzo",0.0889951559667924
"silviavillani9",0.0765131067279284
"simongomez1972",0.355186217086113
"sinohayotra",0.0959027621411744
"sitioandinomza",0.413569897933165
"siulzemag",0.103285734671236
"slstoessel",0.119569866519679
"smlluciani53",0.182079031309288
"sobre_restauran",0.724840216041015
"soffitaB",0.0444788321741982
"sofimicaela09",0.0562449121005188
"sofyaFernandez1",0.0959027621411744
"soledad_sienra",0.596776171128277
"solelujan1",0.0481136657077545
"solo_Alba",0.0825396626774012
"solsheckler",0.0562449121005188
"soniabeat",0.0889951559667924
"sonnycordonesok",0.0656555619800429
"sorquin",0.148120708329673
"sosooruiz",0.0299138233514213
"souih1997",0.672938751801702
"souta_official",0.194667737284505
"soybancario",0.182079031309288
"soylio",0.0411067402195677
"spiritlyon",0.0825396626774012
"ss_pablo",0.236336911395384
"st_chubut",0.0444788321741982
"stefano_adriana",0.635706839522915
"suarezbetty9",0.194667737284505
"suarezjdiego",0.0481136657077545
"suca04",0.0607801135208407
"sugargabriel",0.148120708329673
"susanalugones59",0.103285734671236
"susysrodriguez",0.393746460000491
"takagallardo",0.0254864249403189
"talibanmgta",0.454005729161407
"tamiperelmuter",0.0607801135208407
"tanmar2001",0.052029365506959
"tanocapasso",0.0350826433931558
"tanoira1942",0.207905573288023
"tarkus133",0.0825396626774012
"tartatan",0.25152334764543
"tatysali",0.0765131067279284
"tcgonzalez23",0.79905844100477
"teamargentas",0.158817464242006
"tedearandanos",0.0444788321741982
"telenueveC9",0.0607801135208407
"temafer",0.236336911395384
"tena_norma",0.103285734671236
"teresafariag",0.318418856131781
"tgtata68",0.158817464242006
"thaysadrian",0.0481136657077545
"ticomalacara",0.25152334764543
"tinchobertello",0.0350826433931558
"todoscolombia",0.194667737284505
"tomaas_bj",0.0656555619800429
"tomasito1234",0.0765131067279284
"tomi_carrion",0.0481136657077545
"tonga1903",0.941619004986171
"topefalana",0.454005729161407
"tortubol",0.0350826433931558
"totoguzman",0.148120708329673
"trapicuervo",0.0444788321741982
"tresfac",0.495057564008046
"troglodita123",0.0656555619800429
"trujilloj01",0.413569897933165
"tsiaculias",0.0825396626774012
"tttauste",0.138026189602166
"tu_incognita",0.111167191085188
"tuiterlanga",0.0299138233514213
"tuittipaloma",0.0350826433931558
"tuliqui",0.474488541290675
"tvcanal5",0.556587037349653
"ucho_rossomanno",0.052029365506959
"ucralejandro",0.454005729161407
"udamya",0.194667737284505
"ulisesbeppo",0.0481136657077545
"ultraPann",0.236336911395384
"undengue125",0.119569866519679
"unliderjuvenilj",0.576808656254886
"uribe_marina",0.65455964610715
"urraburu",0.0562449121005188
"uruena_oscar",0.771304478988934
"vadid25",0.635706839522915
"valealvarez28",0.0708925733007609
"valentinocucca2",0.672938751801702
"vanenunesv",0.25152334764543
"vaniaped",0.0444788321741982
"vanromi35",0.53617614776787
"vargascaripa",0.0959027621411744
"vascoartuza",0.454005729161407
"vctor_laveran",0.0562449121005188
"vecorama",0.454005729161407
"vekalichter",0.0656555619800429
"venenoenlatinta",0.0656555619800429
"venezuelaheroic",0.138026189602166
"venezuelahoy_",0.756452464665557
"venezuelatimes",0.740959858610242
"venezuelaver",0.138026189602166
"veraa194",0.207905573288023
"verdadmilitante",0.194667737284505
"vero_tolomio",0.53617614776787
"veroabc",0.355186217086113
"viadesol",0.0607801135208407
"vicentesquillac",0.283782475135694
"vickyroldan",0.0708925733007609
"vicllosas",0.052029365506959
"victor85_",0.182079031309288
"victor_sepeel",0.25152334764543
"victoriafieschi",0.119569866519679
"videosteleSUR",0.148120708329673
"viejoanarquista",0.267344003063405
"viewmiranda",0.111167191085188
"vimarria",0.0656555619800429
"violetazz",0.0765131067279284
"vitoowa",0.318418856131781
"vivasc632",0.0959027621411744
"vjosefina541",0.53617614776787
"volveremosjp",0.194667737284505
"vonyanser",0.0607801135208407
"vvcb_1980",0.53617614776787
"vvnata",0.53617614776787
"vzlapaz",0.0959027621411744
"vzlnoresentido",0.0959027621411744
"wachitapiolix",0.374266788182162
"warriorwulf",0.111167191085188
"wgiannoni",0.0411067402195677
"wgpasitrote99",0.283782475135694
"wilcho87",0.0444788321741982
"willyzubeldia",0.267344003063405
"wilypanda",0.515643330531229
"wluzcategui",0.0825396626774012
"wmendez13",0.0825396626774012
"x68203394",0.300816711527256
"xaspina",0.182079031309288
"xavidell",0.194667737284505
"xebax79",0.111167191085188
"xfabianasolanox",0.0411067402195677
"xiomarag8",0.138026189602166
"xkillvmaim",0.0411067402195677
"xtianjkb",0.194667737284505
"yEsNoticia",0.97264006425884
"yameolvide",0.111167191085188
"yamiigini",0.182079031309288
"yamilalibanesa",0.1701324265303
"yamilezc",0.0765131067279284
"yamycarr",0.0708925733007609
"yannahika",0.194667737284505
"yeremi_oficial",0.194667737284505
"ylianaduque",0.128515833759837
"ynestorres",0.25152334764543
"yo_lalily",0.119569866519679
"yoani91745779",0.65455964610715
"yolimaarellano",0.221795687690215
"yorgar_",0.25152334764543
"yovi1320",0.111167191085188
"ytamar13",0.0889951559667924
"zcamejod",0.65455964610715
"zetacom58",0.0481136657077545
"zirteab1",0.103285734671236
"zoiloramuspe",0.0607801135208407
"zoquetina",0.0607801135208407
"zullynex",0.236336911395384
